g_x [2pi GHz], G [2pi GHz], kappa_2/kappa, omega_p = omega_q [2pi GHz], (omega_p - omega_p*)/G, P_c fixed polaron code {D(gz/w)|+-alpha_nom>}
-3.674199999999999688e-02,2.598051735435612675e-03,2.999943475555555406e-02,1.198900800000000011e+01,-3.999924698630592967e+00,1.486760950075956544e-01
-3.674199999999999688e-02,2.598051735435612675e-03,2.999943475555555406e-02,1.199290500000000037e+01,-2.499954568379566311e+00,1.501011989927391044e-01
-3.674199999999999688e-02,2.598051735435612675e-03,2.999943475555555406e-02,1.199550299999999936e+01,-1.499974481546004546e+00,2.157786151397249608e-01
-3.674199999999999688e-02,2.598051735435612675e-03,2.999943475555555406e-02,1.199628200000000078e+01,-1.200134417017496125e+00,4.824350081540162427e-01
-3.674199999999999688e-02,2.598051735435612675e-03,2.999943475555555406e-02,1.199680200000000063e+01,-9.999844381285398764e-01,6.947833459543035772e-01
-3.674199999999999688e-02,2.598051735435612675e-03,2.999943475555555406e-02,1.199732200000000049e+01,-7.998344592395836283e-01,8.345193905714178850e-01
-3.674199999999999688e-02,2.598051735435612675e-03,2.999943475555555406e-02,1.199784099999999931e+01,-6.000693841565788444e-01,9.178034497284305315e-01
-3.674199999999999688e-02,2.598051735435612675e-03,2.999943475555555406e-02,1.199862099999999998e+01,-2.998444158228026901e-01,9.816843454635014732e-01
-3.674199999999999688e-02,2.598051735435612675e-03,2.999943475555555406e-02,1.199939999999999962e+01,-4.351294978001176053e-06,9.998089637766085502e-01
-3.674199999999999688e-02,2.598051735435612675e-03,2.999943475555555406e-02,1.200017899999999926e+01,2.998357132328466901e-01,9.817101837440835865e-01
-3.674199999999999688e-02,2.598051735435612675e-03,2.999943475555555406e-02,1.200147800000000053e+01,7.998257566503114147e-01,8.513231860878612833e-01
-3.674199999999999688e-02,2.598051735435612675e-03,2.999943475555555406e-02,1.200225799999999943e+01,1.100050724983403727e+00,6.752448459821817073e-01
-3.674199999999999688e-02,2.598051735435612675e-03,2.999943475555555406e-02,1.200329699999999988e+01,1.499965778956048545e+00,3.396353826218906913e-01
-3.674199999999999688e-02,2.598051735435612675e-03,2.999943475555555406e-02,1.200459599999999938e+01,1.999955822372829317e+00,1.634211170045707651e-01
-3.674199999999999688e-02,2.598051735435612675e-03,2.999943475555555406e-02,1.200589500000000065e+01,2.499945865790293986e+00,1.467444721945884711e-01
-3.674199999999999688e-02,2.598051735435612675e-03,2.999943475555555406e-02,1.200979199999999913e+01,3.999915996040636745e+00,1.467480935352564186e-01
-3.674199999999999688e-02,2.598051735435612675e-03,2.999943475555555406e-02,1.201498800000000067e+01,5.999876169709128071e+00,1.472709171468047917e-01
-6.708200000000000274e-02,4.743413709555598448e-03,9.999988275555557471e-02,1.197902599999999929e+01,-4.000073260880804504e+00,1.998723748921850674e-01
-6.708200000000000274e-02,4.743413709555598448e-03,9.999988275555557471e-02,1.198614099999999993e+01,-2.500098678088775284e+00,1.995894407959352412e-01
-6.708200000000000274e-02,4.743413709555598448e-03,9.999988275555557471e-02,1.199088500000000046e+01,-1.499975077137893464e+00,3.132528275974163501e-01
-6.708200000000000274e-02,4.743413709555598448e-03,9.999988275555557471e-02,1.199230799999999952e+01,-1.199980160579712241e+00,6.465478596778689857e-01
-6.708200000000000274e-02,4.743413709555598448e-03,9.999988275555557471e-02,1.199325699999999983e+01,-9.999132766626397384e-01,8.344370039861155330e-01
-6.708200000000000274e-02,4.743413709555598448e-03,9.999988275555557471e-02,1.199420499999999912e+01,-8.000572113800482610e-01,9.244915182236901341e-01
-6.708200000000000274e-02,4.743413709555598448e-03,9.999988275555557471e-02,1.199515399999999943e+01,-5.999903274629756478e-01,9.658598179696474828e-01
-6.708200000000000274e-02,4.743413709555598448e-03,9.999988275555557471e-02,1.199657700000000027e+01,-2.999954109044201123e-01,9.928477786404306116e-01
-6.708200000000000274e-02,4.743413709555598448e-03,9.999988275555557471e-02,1.199799999999999933e+01,-4.943462390621175765e-07,9.997698627950575290e-01
-6.708200000000000274e-02,4.743413709555598448e-03,9.999988275555557471e-02,1.199942300000000017e+01,2.999944222123164805e-01,9.918844631196709338e-01
-6.708200000000000274e-02,4.743413709555598448e-03,9.999988275555557471e-02,1.200179499999999955e+01,8.000562226875701510e-01,9.378849723646713876e-01
-6.708200000000000274e-02,4.743413709555598448e-03,9.999988275555557471e-02,1.200321800000000039e+01,1.100051139246125853e+00,8.605623432782626425e-01
-6.708200000000000274e-02,4.743413709555598448e-03,9.999988275555557471e-02,1.200511499999999998e+01,1.499974088445789722e+00,6.392156848469008334e-01
-6.708200000000000274e-02,4.743413709555598448e-03,9.999988275555557471e-02,1.200748699999999936e+01,2.000035888921043448e+00,3.275063046055328719e-01
-6.708200000000000274e-02,4.743413709555598448e-03,9.999988275555557471e-02,1.200985900000000051e+01,2.500097689396671541e+00,2.464844286058269773e-01
-6.708200000000000274e-02,4.743413709555598448e-03,9.999988275555557471e-02,1.201697399999999938e+01,4.000072272188326394e+00,2.240424431905678193e-01
-6.708200000000000274e-02,4.743413709555598448e-03,9.999988275555557471e-02,1.202646000000000015e+01,5.999897836821501684e+00,2.240020374282325477e-01
-1.161900000000000016e-01,8.215873690606495874e-03,3.000025800000000187e-01,1.196113700000000080e+01,-3.999933499169227691e+00,1.952911399111992852e-01
-1.161900000000000016e-01,8.215873690606495874e-03,3.000025800000000187e-01,1.197345999999999933e+01,-2.500032154034399046e+00,1.785762938762497365e-01
-1.161900000000000016e-01,8.215873690606495874e-03,3.000025800000000187e-01,1.198167600000000022e+01,-1.500016780210609912e+00,2.231278620121376344e-01
-1.161900000000000016e-01,8.215873690606495874e-03,3.000025800000000187e-01,1.198414099999999927e+01,-1.199987824943518300e+00,5.280932322411636681e-01
-1.161900000000000016e-01,8.215873690606495874e-03,3.000025800000000187e-01,1.198578400000000066e+01,-1.000009093298715346e+00,7.858845293330241066e-01
-1.161900000000000016e-01,8.215873690606495874e-03,3.000025800000000187e-01,1.198742700000000028e+01,-8.000303616541286633e-01,9.140183595012771889e-01
-1.161900000000000016e-01,8.215873690606495874e-03,3.000025800000000187e-01,1.198906999999999989e+01,-6.000516300095418698e-01,9.667304824661271390e-01
-1.161900000000000016e-01,8.215873690606495874e-03,3.000025800000000187e-01,1.199153500000000072e+01,-3.000226747422340967e-01,9.939908441515419302e-01
-1.161900000000000016e-01,8.215873690606495874e-03,3.000025800000000187e-01,1.199399999999999977e+01,6.280524857548475124e-06,9.996388604937815892e-01
-1.161900000000000016e-01,8.215873690606495874e-03,3.000025800000000187e-01,1.199646500000000060e+01,3.000352357921654001e-01,9.924776109225167398e-01
-1.161900000000000016e-01,8.215873690606495874e-03,3.000025800000000187e-01,1.200057299999999927e+01,8.000429227038436952e-01,9.512805245091694450e-01
-1.161900000000000016e-01,8.215873690606495874e-03,3.000025800000000187e-01,1.200303700000000084e+01,1.099950162370728624e+00,9.006430330840412557e-01
-1.161900000000000016e-01,8.215873690606495874e-03,3.000025800000000187e-01,1.200632399999999933e+01,1.500029341260325166e+00,7.614973630944605887e-01
-1.161900000000000016e-01,8.215873690606495874e-03,3.000025800000000187e-01,1.201043199999999977e+01,2.000037028172219511e+00,4.773990945401512809e-01
-1.161900000000000016e-01,8.215873690606495874e-03,3.000025800000000187e-01,1.201454000000000022e+01,2.500044715084114078e+00,3.304943841319827325e-01
-1.161900000000000016e-01,8.215873690606495874e-03,3.000025800000000187e-01,1.202686300000000053e+01,3.999946060219158994e+00,2.669088045625904737e-01
-1.161900000000000016e-01,8.215873690606495874e-03,3.000025800000000187e-01,1.204329500000000053e+01,5.999976807866520545e+00,2.540935804473138937e-01
-2.121319999999999872e-01,1.499999757066646823e-02,9.999996760888887337e-01,1.191999999999999993e+01,-4.000001079703976892e+00,1.814957655207019571e-01
-2.121319999999999872e-01,1.499999757066646823e-02,9.999996760888887337e-01,1.194250000000000078e+01,-2.500000836770527535e+00,1.700809516908569907e-01
-2.121319999999999872e-01,1.499999757066646823e-02,9.999996760888887337e-01,1.195749999999999957e+01,-1.500000674815012758e+00,1.570361239988179447e-01
-2.121319999999999872e-01,1.499999757066646823e-02,9.999996760888887337e-01,1.196199999999999974e+01,-1.200000626228322931e+00,1.976088899597304160e-01
-2.121319999999999872e-01,1.499999757066646823e-02,9.999996760888887337e-01,1.196499999999999986e+01,-1.000000593837196305e+00,2.583228575973948171e-01
-2.121319999999999872e-01,1.499999757066646823e-02,9.999996760888887337e-01,1.196799999999999997e+01,-8.000005614460697911e-01,6.601728541687266194e-01
-2.121319999999999872e-01,1.499999757066646823e-02,9.999996760888887337e-01,1.197100000000000009e+01,-6.000005290549432768e-01,8.840896662382038418e-01
-2.121319999999999872e-01,1.499999757066646823e-02,9.999996760888887337e-01,1.197550000000000026e+01,-3.000004804682533388e-01,9.822623551139793019e-01
-2.121319999999999872e-01,1.499999757066646823e-02,9.999996760888887337e-01,1.198000000000000043e+01,-4.318815634763818962e-07,9.987225944314211956e-01
-2.121319999999999872e-01,1.499999757066646823e-02,9.999996760888887337e-01,1.198450000000000060e+01,2.999996167051263707e-01,9.860780603124853494e-01
-2.121319999999999872e-01,1.499999757066646823e-02,9.999996760888887337e-01,1.199200000000000088e+01,7.999996976829428785e-01,9.236369867461021732e-01
-2.121319999999999872e-01,1.499999757066646823e-02,9.999996760888887337e-01,1.199649999999999928e+01,1.099999746269514356e+00,8.666235250580944793e-01
-2.121319999999999872e-01,1.499999757066646823e-02,9.999996760888887337e-01,1.200000000000000000e+01,1.333333117392534684e+00,8.139530543677949703e-01
-2.121319999999999872e-01,1.499999757066646823e-02,9.999996760888887337e-01,1.200249999999999950e+01,1.499999811051767384e+00,7.700497568747854960e-01
-2.121319999999999872e-01,1.499999757066646823e-02,9.999996760888887337e-01,1.200999999999999979e+01,1.999999892029583837e+00,5.807607147087561206e-01
-2.121319999999999872e-01,1.499999757066646823e-02,9.999996760888887337e-01,1.201750000000000007e+01,2.499999973007400289e+00,4.100745246857129267e-01
-2.121319999999999872e-01,1.499999757066646823e-02,9.999996760888887337e-01,1.203999999999999915e+01,4.000000215940731074e+00,2.938481888440632739e-01
-2.121319999999999872e-01,1.499999757066646823e-02,9.999996760888887337e-01,1.207000000000000028e+01,6.000000539851996884e+00,2.871268698692901467e-01
-2.999999999999999889e-01,2.121320343559642344e-02,1.999999999999999556e+00,1.187514700000000012e+01,-4.000008780268176523e+00,1.663766568905721832e-01
-2.999999999999999889e-01,2.121320343559642344e-02,1.999999999999999556e+00,1.190696699999999986e+01,-2.499999595111125572e+00,1.668968913538427801e-01
-2.999999999999999889e-01,2.121320343559642344e-02,1.999999999999999556e+00,1.192817999999999934e+01,-1.500009185157134439e+00,1.537132034723865948e-01
-2.999999999999999889e-01,2.121320343559642344e-02,1.999999999999999556e+00,1.193454400000000071e+01,-1.200007348125657236e+00,1.515269817210103120e-01
-2.999999999999999889e-01,2.121320343559642344e-02,1.999999999999999556e+00,1.193878699999999959e+01,-9.999904099540749547e-01,1.679536326996970419e-01
-2.999999999999999889e-01,2.121320343559642344e-02,1.999999999999999556e+00,1.194302899999999923e+01,-8.000206122345364657e-01,2.151318296766116522e-01
-2.999999999999999889e-01,2.121320343559642344e-02,1.999999999999999556e+00,1.194727199999999989e+01,-6.000036740628704734e-01,4.671491470815101188e-01
-2.999999999999999889e-01,2.121320343559642344e-02,1.999999999999999556e+00,1.195363599999999948e+01,-3.000018370314770921e-01,9.373177917564665673e-01
-2.999999999999999889e-01,2.121320343559642344e-02,1.999999999999999556e+00,1.196000000000000085e+01,0.000000000000000000e+00,9.957046529099979892e-01
-2.999999999999999889e-01,2.121320343559642344e-02,1.999999999999999556e+00,1.196636400000000044e+01,3.000018370313933813e-01,9.781410670067074431e-01
-2.999999999999999889e-01,2.121320343559642344e-02,1.999999999999999556e+00,1.197697100000000070e+01,8.000206122344527548e-01,8.902487019143640046e-01
-2.999999999999999889e-01,2.121320343559642344e-02,1.999999999999999556e+00,1.198333500000000029e+01,1.100022449265846136e+00,8.171916871394486748e-01
-2.999999999999999889e-01,2.121320343559642344e-02,1.999999999999999556e+00,1.199182000000000059e+01,1.500009185157050506e+00,7.092583386991682115e-01
-2.999999999999999889e-01,2.121320343559642344e-02,1.999999999999999556e+00,1.200242599999999982e+01,1.999980819907982488e+00,5.690017242182737744e-01
-2.999999999999999889e-01,2.121320343559642344e-02,1.999999999999999556e+00,1.201303300000000007e+01,2.499999595111041639e+00,4.412959502116641786e-01
-2.999999999999999889e-01,2.121320343559642344e-02,1.999999999999999556e+00,1.204485299999999981e+01,4.000008780268092146e+00,2.815528361183509687e-01
-2.999999999999999889e-01,2.121320343559642344e-02,1.999999999999999556e+00,1.208727900000000055e+01,5.999989600176158788e+00,2.839780766361735820e-01
