kappa_2/kappa, g_z/kappa threshold eps=1/220 (flat), idem (filter kappa_f/omega=0.05), ratio filter/flat, Delta_filter/Delta_flat
1.000000000000000021e-03,3.943115576198653827e+00,9.397761654788264196e-02,2.383334059877631472e-02,1.001874018506701880e+00
1.031283160672184784e-03,3.944368943047578124e+00,9.400496967282906402e-02,2.383270201904516550e-02,1.001927708181674870e+00
1.063544957486011302e-03,3.945622708294276304e+00,9.403233075917598327e-02,2.383206345642381596e-02,1.001981400733837235e+00
1.096816005273138070e-03,3.946876872065379516e+00,9.405969980924061558e-02,2.383142491091182202e-02,1.002035096163343075e+00
1.131127876593921366e-03,3.948131434487565095e+00,9.408707682534096783e-02,2.383078638250873960e-02,1.002088794470345601e+00
1.166513131698196067e-03,3.949386395687549012e+00,9.411446180979550491e-02,2.383014787121408296e-02,1.002142495655000909e+00
1.203005349423324306e-03,3.950641755792089871e+00,9.414185476492371862e-02,2.382950937702743230e-02,1.002196199717462655e+00
1.240639159058831839e-03,3.951897514927980914e+00,9.416925569304532284e-02,2.382887089994828803e-02,1.002249906657884271e+00
1.279450273207873327e-03,3.953153673222060682e+00,9.419666459648105838e-02,2.382823243997621993e-02,1.002303616476419634e+00
1.319475521676706032e-03,3.954410230801204573e+00,9.422408147755212404e-02,2.382759399711075268e-02,1.002357329173224620e+00
1.360752886424333036e-03,3.955667187792335504e+00,9.425150633858063454e-02,2.382695557135143180e-02,1.002411044748452662e+00
1.403321537605484778e-03,3.957280684577435537e+00,9.428645275395891590e-02,2.382607155499938054e-02,1.002485430842048997e+00
1.447221870741134415e-03,3.959055111258658055e+00,9.432479326579217005e-02,2.382507709921839051e-02,1.002569119825192479e+00
1.492495545051829124e-03,3.960830333584743901e+00,9.436314936835780987e-02,2.382408268494413603e-02,1.002652815794816243e+00
1.539185522990205385e-03,3.962606351912455693e+00,9.440152106799562515e-02,2.382308831217489625e-02,1.002736518751505157e+00
1.587336111010208576e-03,3.964383166598717700e+00,9.443990837104788982e-02,2.382209398090890176e-02,1.002820228695842086e+00
1.636993001611701873e-03,3.966160778000613174e+00,9.447831128385957011e-02,2.382109969114443171e-02,1.002903945628410121e+00
1.688203316700362649e-03,3.967939186475386126e+00,9.451672981277826902e-02,2.382010544287976872e-02,1.002987669549793903e+00
1.741015652304015327e-03,3.969718392380439109e+00,9.455516396415405977e-02,2.381911123611317807e-02,1.003071400460574969e+00
1.795480124687830496e-03,3.971498396073337211e+00,9.459361374433963854e-02,2.381811707084292157e-02,1.003155138361337739e+00
1.851648417912154111e-03,3.973279197911802729e+00,9.463207915969024109e-02,2.381712294706727143e-02,1.003238883252665747e+00
1.909573832878096698e-03,3.975309319997528679e+00,9.467633991933629978e-02,2.381609386798488187e-02,1.003325583822462841e+00
1.969311337907421727e-03,3.977747338458125448e+00,9.473008300112824298e-02,2.381500757608400604e-02,1.003417116803041464e+00
2.030917620904734884e-03,3.980186852131681885e+00,9.478385659021312803e-02,2.381392133373070805e-02,1.003508658134136811e+00
2.094451143151468755e-03,3.982627861935196023e+00,9.483766070390851899e-02,2.381283514092276052e-02,1.003600207816508494e+00
2.159972194782717320e-03,3.985070368786232997e+00,9.489149535954165271e-02,2.381174899765786668e-02,1.003691765850921680e+00
2.227542951999556334e-03,3.987514373602915718e+00,9.494536057444975807e-02,2.381066290393379567e-02,1.003783332238135984e+00
2.297227536071151221e-03,3.989959877303933755e+00,9.499925636597973677e-02,2.380957685974825766e-02,1.003874906978915016e+00
2.369092074182631985e-03,3.992406880808533121e+00,9.505318275148852414e-02,2.380849086509904261e-02,1.003966490074019280e+00
2.443204762186489305e-03,3.994855385036535811e+00,9.510713974834279771e-02,2.380740491998385028e-02,1.004058081524211499e+00
2.519635929317016240e-03,3.997305390908313161e+00,9.516112737391894949e-02,2.380631902440042552e-02,1.004149681330254840e+00
2.598458104929249855e-03,3.999822617500388144e+00,9.521648841655744322e-02,2.380517775962303836e-02,1.004245965268548035e+00
2.679746087325692028e-03,4.003228631790227254e+00,9.529000805086047798e-02,2.380328899882172902e-02,1.004405342879576946e+00
2.763577014736160343e-03,4.006637546442020081e+00,9.536358445197684608e-02,2.380140038787929499e-02,1.004564745784432667e+00
2.850030438518108035e-03,4.010049363925545229e+00,9.543721766373802762e-02,2.379951192678385688e-02,1.004724173987129099e+00
2.939188398646887333e-03,4.013464086712684953e+00,9.551090773000933676e-02,2.379762361552352143e-02,1.004883627491680809e+00
3.031135501567579042e-03,4.016881717277422936e+00,9.558465469468985232e-02,2.379573545408640578e-02,1.005043106302103029e+00
3.125959000482281085e-03,4.020302258095854953e+00,9.565845860171268145e-02,2.379384744246061320e-02,1.005202610422411436e+00
3.223748878149030293e-03,4.023725711646177317e+00,9.573231949504475147e-02,2.379195958063427818e-02,1.005362139856624148e+00
3.324597932270941750e-03,4.027152080408707313e+00,9.580623741868694865e-02,2.379007186859547970e-02,1.005521694608758398e+00
3.428601863556586787e-03,4.030581366865866322e+00,9.588021241667424310e-02,2.378818430633236267e-02,1.005681274682831416e+00
3.535859366535179515e-03,4.034013573502188699e+00,9.595424453307539736e-02,2.378629689383303034e-02,1.005840880082862432e+00
3.646472223212748626e-03,4.038396919554850584e+00,9.604942714874044329e-02,2.378404824044088803e-02,1.006031082726583259e+00
3.760545399658171695e-03,4.043087140167723526e+00,9.615142403347914923e-02,2.378168481164380857e-02,1.006231051820263067e+00
3.878187145610723519e-03,4.047782808033510982e+00,9.625352923083152490e-02,2.377932161770144465e-02,1.006431060661857391e+00
3.999509097203665306e-03,4.052483929478691849e+00,9.635574285581699483e-02,2.377695865859043994e-02,1.006631109259268797e+00
4.124626382901352278e-03,4.057190510837084929e+00,9.645806502357710810e-02,2.377459593428747978e-02,1.006831197620397855e+00
4.253657732750387374e-03,4.061902558449873801e+00,9.656049584937576036e-02,2.377223344476922171e-02,1.007031325753149797e+00
4.386725591048498511e-03,4.066620078665597049e+00,9.666303544859908281e-02,2.376987119001233717e-02,1.007231493665428745e+00
4.523956232538053901e-03,4.071343077840175795e+00,9.676568393675591406e-02,2.376750916999349414e-02,1.007431701365141485e+00
4.665479882234473130e-03,4.076071562336907483e+00,9.686844142947760583e-02,2.376514738468935364e-02,1.007631948860199023e+00
4.811430839003259449e-03,4.080805538526478315e+00,9.697130804251841152e-02,2.376278583407661835e-02,1.007832236158509476e+00
4.961947603002903225e-03,4.086340746839643323e+00,9.709079502569901987e-02,2.375983821241255470e-02,1.008082312979572626e+00
5.117173007114604946e-03,4.092864345397616788e+00,9.723077903352855822e-02,2.375616947648498400e-02,1.008393699323212989e+00
5.277254352483537470e-03,4.099398358490446093e+00,9.737096486813731633e-02,2.375250130704374685e-02,1.008705181850917842e+00
5.442343548300266828e-03,4.105942802744315223e+00,9.751135282051598407e-02,2.374883370400135418e-02,1.009016760592398976e+00
5.612597255954972046e-03,4.112497694811948712e+00,9.765194318207479074e-02,2.374516666727033778e-02,1.009328435577374616e+00
5.788177037701273779e-03,4.119063051372655160e+00,9.779273624464430992e-02,2.374150019676329534e-02,1.009640206835574094e+00
5.969249509970733433e-03,4.125638889132370757e+00,9.793373230047554279e-02,2.373783429239275516e-02,1.009952074396735178e+00
6.155986501483507942e-03,4.132225224823705467e+00,9.807493164224115323e-02,2.373416895407131494e-02,1.010264038290604294e+00
6.348565216305217251e-03,4.138822075205976780e+00,9.821633456303564824e-02,2.373050418171158277e-02,1.010576098546938306e+00
6.547168402004735835e-03,4.145429457065261225e+00,9.835794135637609958e-02,2.372683997522615634e-02,1.010888255195501850e+00
6.751984523072501049e-03,4.152377131590094805e+00,9.850738263665509420e-02,2.372313003249131025e-02,1.011204455526681034e+00
6.963207939763882935e-03,4.161401607720543794e+00,9.870483112749937893e-02,2.371913130046731863e-02,1.011545435677364546e+00
7.181039092537349483e-03,4.170445696994702800e+00,9.890267538468604236e-02,2.371513324246304552e-02,1.011886530807232454e+00
7.405684692262434927e-03,4.179509442038363609e+00,9.910091620149057146e-02,2.371113585836491164e-02,1.012227740955055078e+00
7.637357916378019473e-03,4.188592885569953239e+00,9.929955437277805663e-02,2.370713914805928912e-02,1.012569066159617170e+00
7.876278611187054537e-03,4.197696070400739110e+00,9.949859069500710529e-02,2.370314311143262992e-02,1.012910506459716586e+00
8.122673500479711886e-03,4.206819039435034213e+00,9.969802596623263125e-02,2.369914774837137555e-02,1.013252061894162948e+00
8.376776400682916374e-03,4.215961835670395175e+00,9.989786098610917153e-02,2.369515305876198838e-02,1.013593732501779865e+00
8.638828442740444438e-03,4.225124502197824761e+00,1.000980965558941616e-01,2.369115904249097238e-02,1.013935518321404050e+00
8.909078300934143019e-03,4.234307082201983263e+00,1.002987334784508910e-01,2.368716569944477254e-02,1.014277419391886204e+00
9.187782428863339179e-03,4.243509618961376795e+00,1.004997725582521956e-01,2.368317302950996572e-02,1.014619435752088128e+00
9.475205302806547630e-03,4.254233967188275400e+00,1.007581469948678476e-01,2.368420443539011669e-02,1.014531067855357183e+00
9.771619672696182229e-03,4.265299164399495524e+00,1.010290815733403263e-01,2.368628264497457322e-02,1.014353047882718295e+00
1.007730682094461205e-02,4.276857520154572434e+00,1.013007446839266357e-01,2.368578897158712601e-02,1.014395331829803570e+00
1.039255682936712603e-02,4.289844410424334953e+00,1.015731382856201043e-01,2.367758094880948946e-02,1.015098750238603520e+00
1.071766885445502894e-02,4.302870736031395360e+00,1.018462643426817499e-01,2.366937577042254812e-02,1.015802656423167916e+00
1.105295141126021521e-02,4.315936616723111463e+00,1.021201248246543930e-01,2.366117343544062862e-02,1.016507050721736860e+00
1.139872266616051913e-02,4.329042172610463979e+00,1.023947217063768955e-01,2.365297394287837682e-02,1.017211933472787155e+00
1.175531073878369366e-02,4.342187524169153434e+00,1.026700569679983854e-01,2.364477729175078896e-02,1.017917305015029417e+00
1.212305401337652154e-02,4.355372792240717494e+00,1.029461325949925510e-01,2.363658348107318743e-02,1.018623165687408516e+00
1.250230145991455301e-02,4.368598098033623423e+00,1.032229505781717821e-01,2.362839250986125197e-02,1.019329515829105359e+00
1.289341296525715018e-02,4.383740210086310540e+00,1.035484878948434717e-01,2.362103658802462008e-02,1.019964481676116863e+00
1.329675967466211958e-02,4.400692961721273555e+00,1.039199852377530181e-01,2.361445939121053356e-02,1.020532730245248043e+00
1.371272434398400179e-02,4.417711272849778936e+00,1.042928153888821319e-01,2.360788402579439699e-02,1.021101295400340447e+00
1.414170170289023171e-02,4.434795397002774919e+00,1.046669831299009285e-01,2.360131049126626412e-02,1.021670177317773209e+00
1.458409882943985554e-02,4.451945588691662792e+00,1.050424932596345784e-01,2.359473878711632056e-02,1.022239376174021608e+00
1.504033553638024420e-02,4.469162103412084086e+00,1.054193505941247999e-01,2.358816891283491146e-02,1.022808892145662174e+00
1.551084476952839693e-02,4.486445197647735306e+00,1.057975599666917815e-01,2.358160086791251733e-02,1.023378725409366252e+00
1.599607301861488001e-02,4.503795128874180875e+00,1.061771262279958827e-01,2.357503465183975050e-02,1.023948876141907105e+00
1.649648074098020514e-02,4.521212155562687407e+00,1.065580542461001118e-01,2.356847026410740023e-02,1.024519344520153918e+00
1.701254279852589327e-02,4.538696537184089053e+00,1.069403489065324231e-01,2.356190770420633906e-02,1.025090130721074688e+00
1.754474890833459741e-02,4.557285971622776266e+00,1.073476671622343448e-01,2.355517468744880438e-02,1.025676238491202152e+00
1.809360410738716438e-02,4.579947407697187778e+00,1.078476090093047068e-01,2.354778328416020500e-02,1.026320237670097280e+00
1.865962923181746155e-02,4.602721529411287982e+00,1.083498791962175106e-01,2.354039420022788556e-02,1.026964641201677964e+00
1.924336141115980114e-02,4.625608897102615913e+00,1.088544885665668621e-01,2.353300743492408448e-02,1.027609449339829117e+00
1.984535457805803108e-02,4.648610073895038219e+00,1.093614480144477624e-01,2.352562298752120667e-02,1.028254662338594638e+00
2.046617999391989878e-02,4.671725625712587870e+00,1.098707684846915028e-01,2.351824085729193117e-02,1.028900280452176741e+00
2.110642679101554925e-02,4.694956121293399676e+00,1.103824609731016843e-01,2.351086104350912434e-02,1.029546303934938178e+00
2.176670253153459300e-02,4.718302132203696431e+00,1.108965365266920966e-01,2.350348354544594398e-02,1.030192733041401132e+00
2.244763378413223986e-02,4.741764232851863881e+00,1.114130062439247226e-01,2.349610836237571096e-02,1.030839568026247210e+00
2.314986671851160943e-02,4.765343000502565651e+00,1.119318812749495601e-01,2.348873549357200982e-02,1.031486809144319450e+00
2.387406771860646829e-02,4.789039015290964763e+00,1.124531728218453874e-01,2.348136493830863675e-02,1.032134456650619425e+00
2.462092401494625493e-02,4.817906145305098420e+00,1.130932994763404198e-01,2.347353727231618267e-02,1.032822938388065159e+00
2.539114433680347144e-02,4.847534498456224306e+00,1.137505924883648184e-01,2.346565919739004163e-02,1.033516549615999480e+00
2.618545958474232868e-02,4.877345055096577120e+00,1.144117056568940693e-01,2.345778376646525526e-02,1.034210626651302922e+00
2.700462352420682222e-02,4.907338935710694017e+00,1.150766611845007448e-01,2.344991097865447086e-02,1.034905169806796366e+00
2.784941350080644140e-02,4.937517267673674937e+00,1.157454814027974871e-01,2.344204083307060288e-02,1.035600179395511855e+00
2.872063117797828136e-02,4.967881185293566482e+00,1.164181887731874504e-01,2.343417332882689885e-02,1.036295655730691712e+00
2.961910329772553599e-02,4.998431829853995367e+00,1.170948058876183639e-01,2.342630846503686651e-02,1.036991599125787422e+00
3.054568246515431892e-02,5.029170349657054118e+00,1.177753554693412030e-01,2.341844624081434317e-02,1.037688009894461194e+00
3.150124795755327584e-02,5.060097900066479859e+00,1.184598603736735506e-01,2.341058665527345067e-02,1.038384888350587509e+00
3.248670655878374558e-02,5.091215643551071146e+00,1.191483435887670389e-01,2.340272970752860920e-02,1.039082234808250238e+00
3.350299341977229506e-02,5.125922222217533353e+00,1.199254558496177098e-01,2.339587895614548760e-02,1.039690849366805114e+00
3.455107294592218298e-02,5.163280875859030061e+00,1.207677884156514309e-01,2.338973829223631867e-02,1.040236834966484114e+00
3.563193971228585666e-02,5.200911806164394413e+00,1.216160373582106657e-01,2.338359924005343343e-02,1.040783107286273879e+00
3.674661940736689836e-02,5.238816997535482578e+00,1.224702442327481738e-01,2.337746179917380915e-02,1.041329666476743077e+00
3.789616980644718025e-02,5.276998448836833333e+00,1.233304508865940424e-01,2.337132596917453758e-02,1.041876512688539203e+00
3.908168177536266302e-02,5.315458173501076189e+00,1.241966994610056579e-01,2.336519174963281459e-02,1.042423646072389465e+00
4.030428030568052739e-02,5.354198199635101574e+00,1.250690323932321935e-01,2.335905914012594356e-02,1.042971066779099898e+00
4.156512558225990139e-02,5.393220570127015279e+00,1.259474924185937095e-01,2.335292814023134586e-02,1.043518774959556472e+00
4.286541408420927596e-02,5.432527342753852295e+00,1.268321225725744517e-01,2.334679874952655387e-02,1.044066770764722429e+00
4.420637972028532148e-02,5.472120590290118436e+00,1.277229661929315807e-01,2.334067096758919019e-02,1.044615054345643390e+00
4.558929499981061867e-02,5.513436914010514833e+00,1.286567078243128770e-01,2.333511924247756372e-02,1.045112168197664282e+00
4.701547224022131766e-02,5.558860509678339668e+00,1.296941985565768507e-01,2.333107627557316419e-02,1.045474407809455997e+00
4.848626481239080854e-02,5.604658337077765395e+00,1.307400556386233981e-01,2.332703400914005673e-02,1.045836772974792162e+00
5.000306842491092363e-02,5.650833479394671954e+00,1.317943465368949518e-01,2.332299244305691480e-02,1.046199263737189078e+00
5.156732244854966146e-02,5.697389045216412207e+00,1.328571392618847491e-01,2.331895157720236672e-02,1.046561880140179479e+00
5.318051128214199702e-02,5.744328168741080098e+00,1.339285023725243218e-01,2.331491141145508941e-02,1.046924622227311419e+00
5.484416576121017850e-02,5.791654009988513430e+00,1.350085049806062087e-01,2.331087194569379448e-02,1.047287490042146274e+00
5.655986461065005272e-02,5.839369755013025021e+00,1.360972167552419732e-01,2.330683317979722474e-02,1.047650483628262297e+00
5.832923594286203162e-02,5.887478616117902241e+00,1.371947079273563852e-01,2.330279511364410222e-02,1.048013603029252394e+00
6.015395880274835433e-02,5.935983832071660693e+00,1.383010492942182146e-01,2.329875774711318362e-02,1.048376848288724128e+00
6.203576476104271514e-02,5.984888668326082239e+00,1.394163122240070773e-01,2.329472108008327075e-02,1.048740219450300826e+00
6.397643955748427702e-02,6.038218911181671977e+00,1.406461703702182042e-01,2.329265838801692495e-02,1.048925971018637382e+00
6.597782479539536504e-02,6.092169373912383890e+00,1.418906842720711325e-01,2.329066635600597276e-02,1.049105406285608444e+00
6.804181968927097701e-02,6.146601874885111449e+00,1.431462103106059536e-01,2.328867449435734899e-02,1.049284872247800982e+00
7.017038286703826400e-02,6.201520721029860184e+00,1.444128459272045750e-01,2.328668280305649582e-02,1.049464368910465906e+00
7.236553422869654306e-02,6.256930257758329894e+00,1.456906894254631213e-01,2.328469128208881730e-02,1.049643896278855681e+00
7.462935686310133432e-02,6.312834869307727637e+00,1.469798399788216636e-01,2.328269993143977645e-02,1.049823454358221664e+00
7.696399902471158516e-02,6.369238979087688435e+00,1.482803976382607580e-01,2.328070875109478424e-02,1.050003043153818316e+00
7.937167617217551208e-02,6.426147050030252217e+00,1.495924633400665671e-01,2.327871774103929675e-02,1.050182662670900102e+00
8.185467307069028975e-02,6.483563584943009772e+00,1.509161389136643716e-01,2.327672690125871802e-02,1.050362312914722374e+00
8.441534596012985336e-02,6.541493126865365326e+00,1.522515270895218598e-01,2.327473623173852493e-02,1.050541993890541148e+00
8.705612479099865408e-02,6.601694274159559228e+00,1.536460525975757718e-01,2.327373038145362505e-02,1.050632801060739974e+00
8.977951553033322596e-02,6.663381324269337824e+00,1.550784915497516181e-01,2.327324281816581936e-02,1.050676822029581681e+00
9.258810253973955018e-02,6.725644785826428773e+00,1.565242851004805258e-01,2.327275526509199263e-02,1.050720844842879309e+00
9.548455102782293924e-02,6.788490044890879815e+00,1.579835577544070335e-01,2.327226772223196447e-02,1.050764869500710130e+00
9.847160957933774605e-02,6.851922537850764883e+00,1.594564351769298671e-01,2.327178018958550587e-02,1.050808896003151194e+00
1.015521127634568116e-01,6.915947751892433715e+00,1.609421204156405161e-01,2.327115909335801189e-02,1.050864987936348083e+00
1.047289838236358517e-01,6.980571225475197927e+00,1.624407156686599463e-01,2.327040444424401805e-02,1.050933147232234077e+00
1.080052374516252828e-01,7.045798548810406459e+00,1.639532649302792855e-01,2.326964981960216727e-02,1.051001310948944889e+00
1.113839826482619505e-01,7.111635364345038290e+00,1.654798981317495699e-01,2.326889521943168587e-02,1.051069479086766290e+00
1.148684256737553672e-01,7.178087367249808004e+00,1.670207464141627296e-01,2.326814064373175506e-02,1.051137651645986049e+00
1.184618730902683575e-01,7.245691380815936888e+00,1.685816531243824190e-01,2.326646889360038661e-02,1.051288710463390341e+00
1.221677348996791784e-01,7.314950463352561272e+00,1.701680971541876253e-01,2.326305530115603884e-02,1.051597262753793505e+00
1.259895277795027302e-01,7.384871569740562691e+00,1.717694704756035917e-01,2.325964220954461481e-02,1.051905905604016533e+00
1.299308784200415845e-01,7.455461028039212401e+00,1.733859135812942098e-01,2.325622961869263858e-02,1.052214639040638167e+00
1.339955269659338366e-01,7.526725226795551116e+00,1.750175682860349580e-01,2.325281752852660297e-02,1.052523463090245581e+00
1.381873305653632256e-01,7.598670615622534541e+00,1.766645777391547545e-01,2.324940593897307714e-02,1.052832377779433726e+00
1.425102670302997865e-01,7.671303705782763771e+00,1.783270864370945230e-01,2.324599484995860943e-02,1.053141383134804654e+00
1.469684386112445895e-01,7.744631070777779236e+00,1.800052402360844683e-01,2.324258426140973777e-02,1.053450479182969746e+00
1.515660758900602700e-01,7.818659346942955501e+00,1.816991863649405348e-01,2.323917417325307988e-02,1.053759665950546820e+00
1.563075417945815893e-01,7.893395234048144360e+00,1.834090734379807686e-01,2.323576458541517023e-02,1.054068943464161912e+00
1.611973357388157002e-01,7.968893912275768265e+00,1.851288169510957593e-01,2.323143198906338705e-02,1.054462141878614645e+00
1.662400978926611983e-01,8.046481786550206294e+00,1.866887842958111499e-01,2.320129334137855867e-02,1.057203429080917578e+00
1.714406135851970214e-01,8.124825082882049188e+00,1.882618965315092929e-01,2.317119379322425676e-02,1.059951842812686618e+00
1.768038178457206899e-01,8.203931156318589046e+00,1.898482644221491100e-01,2.314113329387580340e-02,1.062707401600774038e+00
1.823348000868440510e-01,8.283807433518370900e+00,1.914479996650295945e-01,2.311111179267431870e-02,1.065470124020197140e+00
1.880388089340914726e-01,8.364461413448436744e+00,1.930612148986549093e-01,2.308112923902665148e-02,1.068240028694260380e+00
1.939212572065829032e-01,8.445900668088318852e+00,1.946880237106646261e-01,2.305118558240528553e-02,1.071017134294684814e+00
1.999877270535284912e-01,8.528132843140943109e+00,1.963285406458323001e-01,2.302128077234825987e-02,1.073801459541732672e+00
2.062439752514090563e-01,8.611165658750405072e+00,1.979828812141298799e-01,2.299141475845905766e-02,1.076593023204332367e+00
2.126959386668689778e-01,8.695006910226757313e+00,1.996511618988613679e-01,2.296158749040656810e-02,1.079391844100207054e+00
2.193497398905057960e-01,8.779664468777868436e+00,2.013335001648644262e-01,2.293179891792494762e-02,1.082197941095998761e+00
2.262116930469024179e-01,8.867796497004771794e+00,2.042326648623218333e-01,2.303082450429533648e-02,1.072911699824678378e+00
2.332883097864155986e-01,8.957833440816209247e+00,2.076403526554110590e-01,2.317975144629296977e-02,1.059169347299654174e+00
2.405863054644064303e-01,9.048784552115998636e+00,2.111048988168860996e-01,2.332964141217403614e-02,1.045603013223261435e+00
2.481126055137767850e-01,9.140659112674063280e+00,2.146272520469366674e-01,2.348050062925367484e-02,1.032210443069268457e+00
2.558743520168589303e-01,9.233466498500440878e+00,2.182083768751207908e-01,2.363233536511545954e-02,1.018989411188463867e+00
2.638789104828934695e-01,9.327216180802134105e+00,2.218492539244821815e-01,2.378515192787172133e-02,1.005937720438790040e+00
2.721338768375308748e-01,9.421917726949663674e+00,2.255508801800767960e-01,2.393895666642576955e-02,9.930532018202044009e-01
2.806470846309838674e-01,9.517580801453444650e+00,2.293142692619766498e-01,2.409375597073551770e-02,9.803337141142287603e-01
2.894266124716751709e-01,9.614215166950071279e+00,2.331404517028314860e-01,2.424955627207903489e-02,9.677771435281073975e-01
2.984807916924327453e-01,9.711830685198611590e+00,2.370304752300601558e-01,2.440636404332174186e-02,9.553814033435258368e-01
3.078182142565080159e-01,9.813730577117063092e+00,2.415683419028643031e-01,2.461534275926991963e-02,9.392283178064920746e-01
3.174477409109193182e-01,9.921416911548012862e+00,2.470373546721161273e-01,2.489940266340158470e-02,9.179205572527798784e-01
3.273785095948577029e-01,1.003028489107630961e+01,2.526301837512147652e-01,2.518674060554087005e-02,8.970961942406524559e-01
3.376199441111339961e-01,1.014034748192597668e+01,2.583496322929834110e-01,2.547739441409305194e-02,8.767442621937479030e-01
3.481817630688966436e-01,1.025161779259976491e+01,2.641985669125287428e-01,2.577140235400145196e-02,8.568540433284405067e-01
3.590739891061054956e-01,1.036410907544038551e+01,2.701799191240020770e-01,2.606880313178503925e-02,8.374150630096167669e-01
3.703069584005140857e-01,1.047783472820886885e+01,2.762966868098883921e-01,2.636963590063420154e-02,8.184170842344951069e-01
3.818913304781854090e-01,1.059280829568024984e+01,2.825519357235595219e-01,2.667394026556529560e-02,7.998501022415941408e-01
3.938380983288489179e-01,1.070904347125673439e+01,2.889488010258445816e-01,2.698175628863477490e-02,7.817043392419977810e-01
4.061585988376979484e-01,1.082655409859861706e+01,2.954904888563872900e-01,2.729312449421329723e-02,7.639702392701548384e-01
4.188645235435271008e-01,1.094652760089985222e+01,3.021682637647636338e-01,2.760402885568242690e-02,7.468579491385067826e-01
4.319679297334173551e-01,1.107811922691201367e+01,3.088904844221694312e-01,2.788293555026772827e-02,7.319913742580336224e-01
4.454812518844988856e-01,1.121129275694596572e+01,3.157622517262144712e-01,2.816466027350714857e-02,7.174207258638913842e-01
4.594173134636476141e-01,1.134606720756386267e+01,3.227868925833872193e-01,2.844923149831169243e-02,7.031401133937940084e-01
4.737893390963143769e-01,1.148246182393187986e+01,3.299678079125796248e-01,2.873667798527811471e-02,6.891437635399952910e-01
4.886109671160326351e-01,1.162049608256833899e+01,3.373084742916129253e-01,2.902702878559567171e-02,6.754260179152802301e-01
5.038962625065149803e-01,1.176018969412488424e+01,3.448124456403918736e-01,2.932031324398211986e-02,6.619813307654152101e-01
5.196597302486196668e-01,1.190156260620105755e+01,3.524833549415054001e-01,2.961656100164960018e-02,6.488042667271316510e-01
5.359163290848514283e-01,1.204463500619270633e+01,3.603249159991023798e-01,2.991580199930031839e-02,6.358894986307417341e-01
5.526814857144602966e-01,1.218942732417467489e+01,3.683409252368985420e-01,3.021806648015256877e-02,6.232318053464899199e-01
5.699711094326075367e-01,1.233596023581812773e+01,3.765352635361814970e-01,3.052338499299721980e-02,6.108260696737781714e-01
5.878016072274911963e-01,1.249491299927251831e+01,3.840966427650472359e-01,3.074024147166212403e-02,6.022383449014834245e-01
6.061898993497571997e-01,1.265873145273939571e+01,3.915932280052991099e-01,3.093463428521954495e-02,5.946932115368170901e-01
6.251534353689711665e-01,1.282469769912791868e+01,3.992361274384054748e-01,3.113025638534572259e-02,5.872426072534896457e-01
6.447102107323869902e-01,1.299283989774697012e+01,4.070281967436317205e-01,3.132711554571011164e-02,5.798853477454339878e-01
6.648787838417262730e-01,1.316318657709685525e+01,4.149723473358072900e-01,3.152521958914066696e-02,5.726202635441435262e-01
6.856782936641737658e-01,1.333576663970966969e+01,4.230715474531411835e-01,3.172457638793473728e-02,5.654461998327773298e-01
7.071284778942996674e-01,1.351060936705316351e+01,4.313288232662697008e-01,3.192519386417194682e-02,5.583620162625995142e-01
7.292496916841444410e-01,1.368774442449892348e+01,4.397472600089490924e-01,3.212707999002890891e-02,5.513665867717150171e-01
7.520629269592407073e-01,1.386720186635562158e+01,4.483300031308167788e-01,3.233024278809611129e-02,5.444587994060765546e-01
7.755898323389001092e-01,1.404901214096830842e+01,4.570802594726520729e-01,3.253469033169676533e-02,5.376375561427353400e-01
7.998527336796708020e-01,1.423713002029382046e+01,4.663136125322585035e-01,3.275334367724169055e-02,5.304832415758237163e-01
8.248746552614580896e-01,1.443202833758119752e+01,4.760750889486692894e-01,3.298739981745762995e-02,5.229820518440988497e-01
8.506793416364153426e-01,1.462959470341680301e+01,4.860409051468649322e-01,3.322312852818459089e-02,5.155869311509059250e-01
8.772912801613356182e-01,1.482986564188741418e+01,4.962153386300262592e-01,3.346054176164959398e-02,5.082963796487093289e-01
9.047357242349293172e-01,1.503287817707406759e+01,5.066027564435329200e-01,3.369965155549047714e-02,5.011089186982603527e-01
9.330387172620360214e-01,1.523866983989668000e+01,5.172076170493771219e-01,3.394047003336636559e-02,4.940230905687058027e-01
9.622271173675134293e-01,1.544727867505238983e+01,5.280344722398124802e-01,3.418300940557231216e-02,4.870374581419379956e-01
9.923286228832545186e-01,1.565874324804888573e+01,5.390879690910634903e-01,3.442728196965839232e-02,4.801506046211233558e-01
1.023371798632519258e+00,1.587310265233400131e+01,5.503728519579328404e-01,3.467330011105329568e-02,4.733611332433535490e-01
1.055386103036523027e+00,1.609039651652292235e+01,5.618939645101606040e-01,3.492107630369222643e-02,4.666676669963615853e-01
1.088401916069005493e+00,1.631241179039554723e+01,5.739183239198177855e-01,3.518292275197040797e-02,4.597472324948347899e-01
1.122450568085305855e+00,1.654599913949632040e+01,5.874874545138495385e-01,3.550631482335090544e-02,4.514106012780441102e-01
1.157564369553303552e+00,1.678293136796632368e+01,6.013773995816561468e-01,3.583267942866694838e-02,4.432251388234179079e-01
1.193776641714435760e+00,1.702325637316829443e+01,6.155957441284717335e-01,3.616204389066013380e-02,4.351881039763985659e-01
1.231121748203890753e+00,1.726702273833647894e+01,6.301502524915409964e-01,3.649443578321541481e-02,4.272968052879904666e-01
1.269635127659973994e+00,1.751427974239799568e+01,6.450488725800582746e-01,3.682988293366955268e-02,4.195486001134464127e-01
1.309353327353610874e+00,1.776507736993489317e+01,6.602997402153539808e-01,3.716841342514085045e-02,4.119408937272946436e-01
1.350314037869873474e+00,1.801946632128889547e+01,6.759111835736936191e-01,3.751005559888008489e-02,4.044711384544160127e-01
1.392556128874463450e+00,1.827749802281073599e+01,6.918917277341194438e-01,3.785483805664335150e-02,3.971368328168767836e-01
1.436119685999078799e+00,1.853922463725635339e+01,7.082500993338146644e-01,3.820278966308644775e-02,3.899355206962307752e-01
1.481046048880675370e+00,1.880469907433194621e+01,7.249952313335367160e-01,3.855393954818140539e-02,3.828647905110126315e-01
1.527377850390714054e+00,1.908010701093049732e+01,nan,nan,3.813662888533432271e-01
1.575159057091622739e+00,1.936054378010058130e+01,nan,nan,3.807482047976826212e-01
1.624435010958866998e+00,1.964510237004753890e+01,nan,nan,3.801311224768660901e-01
1.675252472408215398e+00,1.993384336272203683e+01,nan,nan,3.795150402673721501e-01
1.727659664669036532e+00,2.022682823049987277e+01,nan,nan,3.788999565483105458e-01
1.781706319545730777e+00,2.052411934926928794e+01,nan,nan,3.782858697014183091e-01
1.837443724610726692e+00,2.082578001171069815e+01,nan,nan,3.776727781110548743e-01
1.894924771873821578e+00,2.113187444077156840e+01,nan,nan,3.770606801641981365e-01
1.954204007974053470e+00,2.144246780333935121e+01,nan,nan,3.764495742504407882e-01
2.015337685941732904e+00,2.175762622411535929e+01,nan,nan,3.758394587619848237e-01
2.078383818579757403e+00,2.207987852425581821e+01,nan,nan,3.753140162703451632e-01
2.143402233514856814e+00,2.240893372202524603e+01,nan,nan,3.748572216630320364e-01
2.210454629971021490e+00,2.274289281104844918e+01,nan,nan,3.744009830203359201e-01
2.279604637318979776e+00,2.308182887374315584e+01,nan,nan,3.739452996655922568e-01
2.350917875457286588e+00,2.342581608167031604e+01,nan,nan,3.734901709229601630e-01
2.424462017082328114e+00,2.377492971176554093e+01,nan,nan,3.730355961174214308e-01
2.500306851906323846e+00,2.412924616281237178e+01,nan,nan,3.725815745747793617e-01
2.578524352884273618e+00,2.448884297216118355e+01,nan,nan,3.721281056216578786e-01
2.659188744512693603e+00,2.485379883269714085e+01,nan,nan,3.716751885855001380e-01
2.742376573264949435e+00,2.522419361006109995e+01,nan,nan,3.712228227945683634e-01
2.828166780230032540e+00,2.560229008261329753e+01,nan,nan,3.708342068349471665e-01
2.916640776023703641e+00,2.599301652885389657e+01,nan,nan,3.706445336752068331e-01
3.007882518043099029e+00,2.638970600243694165e+01,nan,nan,3.704549575289212693e-01
3.101978590138096958e+00,2.679244950742787879e+01,nan,nan,3.702654783464703336e-01
3.199018284775064114e+00,2.720133943674038690e+01,nan,nan,3.700760960782590314e-01
3.299093687770938921e+00,2.761646959333210560e+01,nan,nan,3.698868106747181805e-01
3.402299765678067800e+00,2.803793521172386605e+01,nan,nan,3.696976220863035789e-01
3.508734455902711158e+00,2.846583297984738437e+01,nan,nan,3.695085302634966706e-01
3.618498759642746698e+00,2.890026106122623872e+01,nan,nan,3.693195351568039908e-01
3.731696837732751959e+00,2.934131911749545907e+01,nan,nan,3.691306367167574431e-01
3.848436109487429313e+00,2.978910833126490587e+01,nan,nan,3.689418348939144110e-01
3.968827354637161964e+00,3.024441439731630155e+01,nan,nan,3.687697842918141733e-01
4.092984818452437779e+00,3.070673086519467532e+01,nan,nan,3.685990469874965703e-01
4.221026320156898493e+00,3.117611430794200089e+01,nan,nan,3.684283887331128993e-01
4.353073364731887551e+00,3.165267275141776437e+01,nan,nan,3.682578094920637146e-01
4.489251258218603269e+00,3.213651587276595478e+01,nan,nan,3.680873092277664460e-01
4.629689226627262677e+00,3.262775502565671815e+01,nan,nan,3.679168879036555651e-01
4.774520538566126682e+00,3.312650326591366934e+01,nan,nan,3.677465454831825853e-01
4.923882631706736568e+00,3.363287537753298295e+01,nan,nan,3.675762819298155626e-01
5.077917243205398279e+00,3.414698789910043075e+01,nan,nan,3.674060972070398168e-01
5.236770544204650157e+00,3.466895915061188305e+01,nan,nan,3.672359912783572655e-01
5.400593278542368481e+00,3.520060755532188779e+01,nan,nan,3.671013857270503111e-01
5.569540905800129948e+00,3.574146267492512408e+01,nan,nan,3.669884715493103577e-01
5.743773748826581205e+00,3.629062799940028583e+01,nan,nan,3.668755921020616650e-01
5.923457145875805629e+00,3.684823121452222949e+01,nan,nan,3.667627473746220002e-01
6.108761607505039493e+00,3.741440196794960826e+01,nan,nan,3.666499373563120168e-01
6.299862978380692979e+00,3.798927189936928528e+01,nan,nan,3.665371620364557548e-01
6.496942604146124900e+00,3.857297467110361566e+01,nan,nan,3.664244214043806958e-01
6.700187503509590137e+00,3.916564599918805101e+01,nan,nan,3.663117154494172634e-01
6.909790545715645216e+00,3.976742368492651281e+01,nan,nan,3.661990441608994340e-01
7.125950633568410630e+00,4.037844764693115707e+01,nan,nan,3.660864075281645147e-01
7.348872892180388305e+00,4.099683414407951432e+01,nan,nan,3.659376399045418116e-01
7.578768863625930052e+00,4.162012107288067853e+01,nan,nan,3.657086165379447862e-01
7.815856707684091020e+00,4.225288401620164791e+01,nan,nan,3.654797365064320624e-01
8.060361408861345112e+00,4.289526704067853302e+01,nan,nan,3.652509997202968428e-01
8.312514989890631867e+00,4.354741640323491225e+01,nan,nan,3.650224060898885070e-01
8.572556731909324768e+00,4.420948058438141004e+01,nan,nan,3.647939555256123900e-01
8.840733401525062263e+00,4.488161032202150125e+01,nan,nan,3.645656479379302262e-01
9.117299484984922486e+00,4.556395864577137900e+01,nan,nan,3.643374832373595384e-01
9.402517429670131932e+00,4.625668091180148167e+01,nan,nan,3.641094613344740272e-01
9.696657893145520291e+00,4.695993483820781478e+01,nan,nan,3.638815821399030703e-01
1.000000000000000000e+01,4.767388054092098315e+01,nan,nan,3.636538455643322787e-01
