g_z/kappa, kappa_2/kappa, kappa_f/omega (0 = flat), |alpha|^2 nominal, N, no-gz variant, gamma_pf full, gamma_pf pred C1, excess = full - pred, full/pred, P_e period-averaged, g_z/omega
1.200000000000000000e+01,2.999999973780640219e-02,2.000000000000000042e-02,4.000000000000000000e+00,1.600000000000000000e+01,0.000000000000000000e+00,1.077935302540480993e-09,3.051004338609833447e-10,7.728348686794976479e-10,3.533050703663154657e+00,4.275216639565377957e-04,5.999999999999999778e-02
1.200000000000000000e+01,2.999999973780640219e-02,4.999999999999999584e-02,2.000000000000000000e+00,1.600000000000000000e+01,0.000000000000000000e+00,9.647152464783402597e-10,9.752003804467136581e-10,-1.048513396837339840e-11,9.892482261301308588e-01,3.046801077601530720e-05,5.999999999999999778e-02
1.200000000000000000e+01,2.999999973780640219e-02,4.999999999999999584e-02,3.000000000000000000e+00,1.600000000000000000e+01,0.000000000000000000e+00,1.552065715988748876e-09,1.445946711794935588e-09,1.061190041938132881e-10,1.073390674309208537e+00,6.151146229500727581e-05,5.999999999999999778e-02
1.200000000000000000e+01,2.999999973780640219e-02,4.999999999999999584e-02,4.000000000000000000e+00,1.600000000000000000e+01,0.000000000000000000e+00,5.488788303516809558e-09,1.905902317643604592e-09,3.582885985873204966e-09,2.879889621154859913e+00,3.815881759917675795e-04,5.999999999999999778e-02
1.200000000000000000e+01,2.999999973780640219e-02,4.999999999999999584e-02,5.000000000000000000e+00,2.000000000000000000e+01,0.000000000000000000e+00,2.702485026346209882e-09,2.361266066023459200e-09,3.412189603227506815e-10,1.144506781862743683e+00,1.131319501713356666e-04,5.999999999999999778e-02
1.200000000000000000e+01,2.999999973780640219e-02,1.999999999999999833e-01,4.000000000000000000e+00,1.600000000000000000e+01,0.000000000000000000e+00,8.182001576072696255e-08,3.020961924987907852e-08,5.161039651084788403e-08,2.708409367359188469e+00,3.670670655766592838e-04,5.999999999999999778e-02
8.000000000000000000e+00,3.000000066156683493e-02,4.999999999999999584e-02,4.000000000000000000e+00,1.600000000000000000e+01,0.000000000000000000e+00,6.581169946163684297e-09,4.375680558185632620e-09,2.205489387978051677e-09,1.504033454602214714e+00,6.807912701416380438e-04,4.000000000000000083e-02
6.000000000000000000e+00,2.999999973780640219e-02,4.999999999999999584e-02,4.000000000000000000e+00,1.600000000000000000e+01,0.000000000000000000e+00,9.121944130133146745e-09,7.835507952012620730e-09,1.286436178120526015e-09,1.164180316834480866e+00,8.254605458559137205e-04,2.999999999999999889e-02
1.200000000000000000e+01,1.500000010683689156e-01,4.999999999999999584e-02,4.000000000000000000e+00,1.600000000000000000e+01,0.000000000000000000e+00,2.635411443596332720e-08,9.518427068204500831e-09,1.683568736775882472e-08,2.768746794730088556e+00,1.324709738037104390e-03,5.999999999999999778e-02
4.000000000000000000e+00,2.999999973780640219e-02,4.999999999999999584e-02,4.000000000000000000e+00,1.600000000000000000e+01,0.000000000000000000e+00,1.829187483920997808e-08,1.772959751997851252e-08,5.622773192314655622e-10,1.031714048702902842e+00,1.068349064277540443e-03,2.000000000000000042e-02
1.200000000000000000e+01,3.000000027329536301e-01,4.999999999999999584e-02,2.000000000000000000e+00,1.600000000000000000e+01,0.000000000000000000e+00,9.636479477692302121e-09,9.753658263936855393e-09,-1.171787862445532726e-10,9.879861706168433511e-01,3.039846657564671895e-04,5.999999999999999778e-02
1.200000000000000000e+01,3.000000027329536301e-01,4.999999999999999584e-02,4.000000000000000000e+00,1.600000000000000000e+01,0.000000000000000000e+00,4.301242642790686220e-08,1.902207866541786505e-08,2.399034776248899715e-08,2.261184341861830482e+00,2.100794632292960623e-03,5.999999999999999778e-02
1.200000000000000000e+01,3.000000027329536301e-01,4.999999999999999584e-02,4.000000000000000000e+00,1.600000000000000000e+01,1.000000000000000000e+00,1.977963749981931168e-08,1.979633958990436297e-08,-1.670209008505128813e-11,9.991563041233355591e-01,1.157623326717406587e-03,5.999999999999999778e-02
1.200000000000000000e+01,6.000000042734756622e-01,4.999999999999999584e-02,4.000000000000000000e+00,1.600000000000000000e+01,0.000000000000000000e+00,5.751917147905746159e-08,3.804596611941417329e-08,1.947320535964328830e-08,1.511833640878591289e+00,2.854060158564134322e-03,5.999999999999999778e-02
1.200000000000000000e+01,2.999999973780640219e-02,0.000000000000000000e+00,4.000000000000000000e+00,2.200000000000000000e+01,0.000000000000000000e+00,3.387243567468812948e-06,3.429069489586063882e-06,-4.182592211725093449e-08,9.878025446132618903e-01,nan,5.999999999999999778e-02
