g_x, omega, g_z/kappa, kappa_2/kappa, omega/kappa, g_x/omega, chi|alpha|^2/kappa (|alpha|^2=4), conf_full/Delta_min, conf_eff(with chi)/Delta_min, conf_eff(without chi)/Delta_min, conf_full/conf_eff(with chi)
2.999999999999999889e-02,6.000000000000000000e+00,4.000000000000000000e+00,6.399999999999999439e-03,2.000000000000000000e+02,5.000000000000000104e-03,5.333333333333332982e-02,1.025136230749707167e+00,1.000225244133883917e+00,1.000689424105275060e+00,1.024905376825790970e+00
4.000000000000000083e-02,8.000000000000000000e+00,3.000000000000000000e+00,3.599999999999999901e-03,2.666666666666666856e+02,5.000000000000000104e-03,7.111111111111111105e-02,1.030458437007400141e+00,9.992669053989048367e-01,9.999781550243529438e-01,1.031214414727408268e+00
5.000000000000000278e-02,5.000000000000000000e+00,4.000000000000000000e+00,2.560000000000000470e-02,1.666666666666666856e+02,1.000000000000000021e-02,1.777777777777778123e-01,1.013735889042332916e+00,9.910402931633606194e-01,1.001332399791080574e+00,1.022900780155495903e+00
5.000000000000000278e-02,6.000000000000000000e+00,1.200000000000000000e+01,1.600000000000000033e-01,2.000000000000000000e+02,8.333333333333333218e-03,1.481481481481481954e-01,9.878286165234653193e-01,9.856017688698980317e-01,1.000209228041897491e+00,1.002259378710450788e+00
5.000000000000000278e-02,6.000000000000000000e+00,4.000000000000000000e+00,1.777777777777777776e-02,2.000000000000000000e+02,8.333333333333333218e-03,1.481481481481481954e-01,1.019751560685579594e+00,9.941407173683757259e-01,1.000128607754510401e+00,1.025761788919580031e+00
5.000000000000000278e-02,6.000000000000000000e+00,5.000000000000000000e+00,2.777777777777777971e-02,2.000000000000000000e+02,8.333333333333333218e-03,1.481481481481481954e-01,1.016431314943775366e+00,9.950463162858443900e-01,1.002619802860956533e+00,1.021491460556080977e+00
5.000000000000000278e-02,7.000000000000000000e+00,1.000000000000000000e+01,8.163265306122449716e-02,2.333333333333333428e+02,7.142857142857143501e-03,1.269841269841270048e-01,1.004564111774054691e+00,9.919197903104965963e-01,1.000656151539311534e+00,1.012747322502356884e+00
5.999999999999999778e-02,8.000000000000000000e+00,8.000000000000000000e+00,5.759999999999999842e-02,2.666666666666666856e+02,7.499999999999999722e-03,1.600000000000000033e-01,9.998102854910165815e-01,9.892448889430220937e-01,1.001243940163677459e+00,1.010680263973143589e+00
8.000000000000000167e-02,4.000000000000000000e+00,6.000000000000000000e+00,2.303999999999999937e-01,1.333333333333333428e+02,2.000000000000000042e-02,5.688888888888888884e-01,8.599264341139105650e-01,8.554404946586838809e-01,1.000033373121784752e+00,1.005244011106835256e+00
8.000000000000000167e-02,5.000000000000000000e+00,1.000000000000000000e+01,4.096000000000000751e-01,1.666666666666666856e+02,1.600000000000000033e-02,4.551111111111111329e-01,9.083208026528857282e-01,8.971061787684572186e-01,1.000437284409537497e+00,1.012500888021776735e+00
1.199999999999999956e-01,7.000000000000000000e+00,7.000000000000000000e+00,2.303999999999999382e-01,2.333333333333333428e+02,1.714285714285714371e-02,7.314285714285714279e-01,8.192659091185650055e-01,8.027682080835202294e-01,9.993401009835538584e-01,1.020551014438439763e+00
1.499999999999999944e-01,6.000000000000000000e+00,4.000000000000000000e+00,1.600000000000000033e-01,2.000000000000000000e+02,2.499999999999999792e-02,1.333333333333333481e+00,6.400838080605023572e-01,6.317024689588646158e-01,9.969226349561488565e-01,1.013267858704828717e+00
1.000000000000000056e-01,4.000000000000000000e+00,1.000000000000000000e+01,1.000000000000000000e+00,1.333333333333333428e+02,2.500000000000000139e-02,8.888888888888890616e-01,8.470853623912717456e-01,8.267872389451489390e-01,9.990603139816106593e-01,1.024550600795459898e+00
1.000000000000000056e-01,5.000000000000000000e+00,2.000000000000000000e+00,2.560000000000000470e-02,1.666666666666666856e+02,2.000000000000000042e-02,7.111111111111112493e-01,8.805492015559496233e-01,8.437086204713822868e-01,9.911975735562825740e-01,1.043665052354193490e+00
1.000000000000000056e-01,7.000000000000000000e+00,4.000000000000000000e+00,5.224489795918368235e-02,2.333333333333333428e+02,1.428571428571428700e-02,5.079365079365080193e-01,9.253950816117522127e-01,9.027367176817270300e-01,9.996410562429549618e-01,1.025099637010681297e+00
3.750000000000000000e-01,1.500000000000000000e+01,4.000000000000000000e+00,1.600000000000000311e-01,5.000000000000000000e+02,2.500000000000000139e-02,3.333333333333333481e+00,1.754782283693736011e-01,1.761291468166902574e-01,9.686662538997020677e-01,9.963043115856679011e-01
2.999999999999999889e-01,1.500000000000000000e+01,2.000000000000000000e+00,2.559999999999999776e-02,5.000000000000000000e+02,2.000000000000000042e-02,2.133333333333333304e+00,1.300866290339838527e-01,1.905952876951261532e-01,9.152941177094938707e-01,6.825280446705944692e-01
5.999999999999999778e-01,3.000000000000000000e+01,2.000000000000000000e+00,2.559999999999999776e-02,1.000000000000000000e+03,2.000000000000000042e-02,4.266666666666666607e+00,nan,5.292897537758637500e-02,7.414764710602282927e-01,nan
7.500000000000000000e-01,3.000000000000000000e+01,4.000000000000000000e+00,1.600000000000000311e-01,1.000000000000000000e+03,2.500000000000000139e-02,6.666666666666666963e+00,nan,6.317645063947092965e-02,8.035166146379373320e-01,nan
