g_x, omega, g_z/kappa, kappa_2/kappa, gamma_pf, kappa_1 (C1 inverted), confinement dyn |0>|g>, confinement dyn |1.3a>|g>, confinement full / Delta_min, eps full model, eps map, ratio full/map
2.999999999999999889e-02,6.000000000000000000e+00,4.000000000000000000e+00,6.399999999999999439e-03,6.786459424658504097e-06,8.314188971795221071e-07,7.265195397274201066e-04,1.300100609473803888e-03,1.025136230749707389e+00,4.740163833171557282e-03,4.870502805062274301e-03,9.732391136793421271e-01
4.000000000000000083e-02,8.000000000000000000e+00,3.000000000000000000e+00,3.599999999999999901e-03,6.810553301011020288e-06,8.322715708625832594e-07,4.322519709361990949e-04,7.433400979713528133e-04,1.030458437007399919e+00,7.975333229767324339e-03,8.228733767394432949e-03,9.692054033111164868e-01
5.000000000000000278e-02,5.000000000000000000e+00,4.000000000000000000e+00,2.560000000000000470e-02,2.705584728526935447e-05,3.320386704772994701e-06,2.089820660536827537e-03,1.551916810568389942e-03,1.013735889042332916e+00,6.581129065113315579e-03,6.697539892100306570e-03,9.826188676943460321e-01
5.000000000000000278e-02,6.000000000000000000e+00,1.200000000000000000e+01,1.600000000000000033e-01,1.805454833767173017e-05,2.285203817241347140e-06,4.746930887442361684e-03,3.711257377627554151e-03,9.878286165234652083e-01,1.994035070786391410e-03,1.995288538391864520e-03,9.993717862948867658e-01
5.000000000000000278e-02,6.000000000000000000e+00,4.000000000000000000e+00,1.777777777777777776e-02,1.884308055121236675e-05,2.308342636954161508e-06,1.650121866674938900e-03,1.456173636957829639e-03,1.019751560685579594e+00,5.794353863342195828e-03,5.925368612393036756e-03,9.778891816490841160e-01
5.000000000000000278e-02,6.000000000000000000e+00,5.000000000000000000e+00,2.777777777777777971e-02,1.878532244965860874e-05,2.306340692138803355e-06,2.200927466957630207e-03,3.210135064366629026e-03,1.016431314943775366e+00,4.340487316145067234e-03,4.428017409349071370e-03,9.802326673289047942e-01
5.000000000000000278e-02,7.000000000000000000e+00,1.000000000000000000e+01,8.163265306122449716e-02,1.357461471252408006e-05,1.687343427742703486e-06,3.709347040230953543e-03,2.787304761302777326e-03,1.004564111774054691e+00,1.884199036398691166e-03,1.907759504465642193e-03,9.876501896534646274e-01
5.999999999999999778e-02,8.000000000000000000e+00,8.000000000000000000e+00,5.759999999999999842e-02,1.516178848446995546e-05,1.866512494000558456e-06,3.175369709730784928e-03,2.515199640719770723e-03,9.998102854910165815e-01,2.434766759027747439e-03,2.445374250378753046e-03,9.956622217031348976e-01
8.000000000000000167e-02,4.000000000000000000e+00,6.000000000000000000e+00,2.303999999999999937e-01,1.057723309823539813e-04,1.316945267821125123e-05,4.725945823512395054e-03,5.076608141847931653e-03,8.599264341139106760e-01,1.154249639390540240e-02,1.004921313721283786e-02,1.148597033051557803e+00
8.000000000000000167e-02,5.000000000000000000e+00,1.000000000000000000e+01,4.096000000000000751e-01,6.642634867793967453e-05,8.407427990854393941e-06,5.989968214872680441e-03,6.089785873260802548e-03,9.083208026528857282e-01,5.813790777401223360e-03,5.359869472761244827e-03,1.084688872918790015e+00
1.199999999999999956e-01,7.000000000000000000e+00,7.000000000000000000e+00,2.303999999999999382e-01,7.903719679467424784e-05,9.725316804071527964e-06,4.502485501023784607e-03,3.336546448014936911e-03,8.192659091185651166e-01,8.946891995315089247e-03,7.383095366115553781e-03,1.211807724491345883e+00
1.499999999999999944e-01,6.000000000000000000e+00,4.000000000000000000e+00,1.600000000000000033e-01,1.693231620337700056e-04,2.063390255398148690e-05,3.075871207019189105e-03,2.400820327713843599e-03,6.400838080605023572e-01,2.778650911007661539e-02,1.795759684552678329e-02,1.547340067220531301e+00
1.000000000000000056e-01,4.000000000000000000e+00,1.000000000000000000e+01,1.000000000000000000e+00,1.578055070960778406e-04,2.038821849872178967e-05,6.514230380911666986e-03,6.609725686630348387e-03,8.470853623912717456e-01,1.296393741526017176e-02,1.122131067192872617e-02,1.155296185470633841e+00
1.000000000000000056e-01,5.000000000000000000e+00,2.000000000000000000e+00,2.560000000000000470e-02,1.088845117404912467e-04,1.324147528975513307e-05,1.815255762296470732e-03,3.041426453140626870e-03,8.805492015559495123e-01,3.021477124504340708e-02,2.679015956840122628e-02,1.127830954791380957e+00
1.000000000000000056e-01,7.000000000000000000e+00,4.000000000000000000e+00,5.224489795918368235e-02,5.541415293937024245e-05,6.776085329779353161e-06,2.808027478949383891e-03,2.410165607041286299e-03,9.253950816117523237e-01,9.995356145257790551e-03,9.286012393573192872e-03,1.076388413198277716e+00
3.750000000000000000e-01,1.500000000000000000e+01,4.000000000000000000e+00,1.600000000000000311e-01,1.744666381418758959e-04,2.056434992715272273e-05,8.432464988226601220e-04,1.102187662100658719e-03,1.754782283693736011e-01,1.010139139371247913e-01,1.795759684552678329e-02,5.625135412386053524e+00
2.999999999999999889e-01,1.500000000000000000e+01,2.000000000000000000e+00,2.559999999999999776e-02,1.141335545161459997e-04,1.312750949331888727e-05,2.681741151254207907e-04,2.388168663479309879e-04,1.300866290339838527e-01,2.027618499341541369e-01,2.679015956840121934e-02,7.568519680387052695e+00
5.999999999999999778e-01,3.000000000000000000e+01,2.000000000000000000e+00,2.559999999999999776e-02,9.627714629080423169e-05,9.604161855989309601e-06,nan,nan,nan,nan,2.679015956840121934e-02,nan
7.500000000000000000e-01,3.000000000000000000e+01,4.000000000000000000e+00,1.600000000000000311e-01,1.995696438959838675e-04,1.997980579192645251e-05,nan,nan,nan,nan,1.795759684552678329e-02,nan
