system,N,omega [kappa-units or 2pi GHz],g_x,g_z,kappa,|alpha|^2,kappa_2/kappa,omega_q,omega_p,x=(omega_p-omega_p*)/G,P_c fixed polaron code,P_e period-averaged
Ma (ω_q fixed),22,6.0,-0.212132,0.21213203435596426,0.03,4.00000064782238,0.9999996760888887,12.0,11.97,-0.6666672065186126,0.7174375940694693,0.08370869265892762
Ma (ω_q fixed),22,6.0,-0.212132,0.21213203435596426,0.03,4.00000064782238,0.9999996760888887,12.0,11.985,0.3333329554369019,0.9788128331513473,0.01241540016227868
Ma (ω_q fixed),22,6.0,-0.212132,0.21213203435596426,0.03,4.00000064782238,0.9999996760888887,12.0,11.9575,-1.5000006748150128,0.12651708564003628,0.2736774898181614
Ma (ω_q fixed),22,6.0,-0.212132,0.21213203435596426,0.03,4.00000064782238,0.9999996760888887,12.0,12.0075,1.8333331983703511,0.6878649302700249,0.21082280258135627
Ma (ω_q fixed),22,6.0,-0.212132,0.21213203435596426,0.03,4.00000064782238,0.9999996760888887,12.0,11.98,-4.318815634763819e-07,0.9987253469442401,0.005999208354656495
Ma (ω_q fixed),22,6.0,-0.212132,0.21213203435596426,0.03,4.00000064782238,0.9999996760888887,12.0,11.9925,0.8333330364147183,0.9059292793936693,0.05044243992739299
Ma (ω_q fixed),22,6.0,-0.212132,0.21213203435596426,0.03,4.00000064782238,0.9999996760888887,12.0,11.995,0.999999730073951,0.8761033848897903,0.0694528649410148
Ma (ω_q fixed),22,6.0,-0.212132,0.21213203435596426,0.03,4.00000064782238,0.9999996760888887,12.0,11.955,-1.6666673684742455,0.12765010381476954,0.2759906646843757
Ma (ω_q fixed),22,6.0,-0.212132,0.21213203435596426,0.03,4.00000064782238,0.9999996760888887,12.0,12.0125,2.1666665856888168,0.5481202388318449,0.28818461090182884
Ma (ω_q fixed),22,6.0,-0.212132,0.21213203435596426,0.03,4.00000064782238,0.9999996760888887,12.0,11.9825,0.1666662617776692,0.9930084427565637,0.007125427286134346
Ma (ω_q fixed),22,6.0,-0.212132,0.21213203435596426,0.03,4.00000064782238,0.9999996760888887,12.0,11.975,-0.33333381920014726,0.962522789554759,0.01962998364638274
Ma (ω_q fixed),22,6.0,-0.212132,0.21213203435596426,0.03,4.00000064782238,0.9999996760888887,12.0,12.015,2.333333279348168,0.4761642116676229,0.31737193262319646
Ma (ω_q fixed),22,6.0,-0.212132,0.21213203435596426,0.03,4.00000064782238,0.9999996760888887,12.0,11.96,-1.3333339811556617,0.13143458813287062,0.26763838659363276
Ma (ω_q fixed),22,6.0,-0.212132,0.21213203435596426,0.03,4.00000064782238,0.9999996760888887,12.0,11.9875,0.499999649096253,0.9585734696850285,0.021555100247139587
Ma (ω_q fixed),22,6.0,-0.212132,0.21213203435596426,0.03,4.00000064782238,0.9999996760888887,12.0,12.01,1.9999998920295838,0.6212025215956372,0.2513047936616099
Ma (ω_q fixed),22,6.0,-0.212132,0.21213203435596426,0.03,4.00000064782238,0.9999996760888887,12.0,11.9625,-1.166667287496429,0.1468214161379574,0.2560277197472106
Ma (ω_q fixed),22,6.0,-0.212132,0.21213203435596426,0.03,4.00000064782238,0.9999996760888887,12.0,11.9775,-0.1666671255409146,0.9916195650240257,0.009651911129887713
Ma (ω_q fixed),22,6.0,-0.212132,0.21213203435596426,0.03,4.00000064782238,0.9999996760888887,12.0,11.99,0.6666663427554856,0.9338503858794331,0.03432705756306821
Ma (ω_q fixed),22,6.0,-0.212132,0.21213203435596426,0.03,4.00000064782238,0.9999996760888887,12.0,11.9725,-0.50000051285938,0.8894826006720271,0.04023769321130227
Ma (ω_q fixed),22,6.0,-0.212132,0.21213203435596426,0.03,4.00000064782238,0.9999996760888887,12.0,11.965,-1.0000005938371963,0.17561416612443642,0.23758145611485473
Ma (ω_q fixed),22,6.0,-0.212132,0.21213203435596426,0.03,4.00000064782238,0.9999996760888887,12.0,11.9975,1.1666664237333022,0.8453955681919845,0.09094081731382284
Ma (ω_q fixed),22,6.0,-0.212132,0.21213203435596426,0.03,4.00000064782238,0.9999996760888887,12.0,11.9675,-0.8333339001779637,0.358339947583839,0.1746304827337882
Ma (ω_q fixed),22,6.0,-0.212132,0.21213203435596426,0.03,4.00000064782238,0.9999996760888887,12.0,12.005,1.6666665047111187,0.7402758876306718,0.17349332761033615
Ma (ω_q fixed),22,6.0,-0.212132,0.21213203435596426,0.03,4.00000064782238,0.9999996760888887,12.0,12.0,1.3333331173925347,0.8139531576635008,0.11486724426981124
Ma (ω_q fixed),22,6.0,-0.212132,0.21213203435596426,0.03,4.00000064782238,0.9999996760888887,12.0,12.0025,1.4999998110517674,0.7802755245746125,0.14189485594768145
w1000_gz60_k20.1_a2,14,1000.0,-1.317615692,60.0,1.0,1.9999999994940358,0.10000000003994718,1999.7582,1999.7582,-1.49999712744156,0.6103233879184902,0.14481623976596242
w1000_gz60_k20.1_a2,14,1000.0,-1.317615692,60.0,1.0,1.9999999994940358,0.10000000003994718,1999.046687,1999.046687,-6.000000456181314,0.3807285120310219,0.20356693544048504
w1000_gz60_k20.1_a2,14,1000.0,-1.317615692,60.0,1.0,1.9999999994940358,0.10000000003994718,1999.900502,1999.900502,-0.6000002564269348,0.9355966208770423,0.02981740000683759
w1000_gz60_k20.1_a2,14,1000.0,-1.317615692,60.0,1.0,1.9999999994940358,0.10000000003994718,2000.121861,2000.121861,0.7999969844486218,0.8860500661105336,0.0508377465796481
w1000_gz60_k20.1_a2,14,1000.0,-1.317615692,60.0,1.0,1.9999999994940358,0.10000000003994718,2000.042805,2000.042805,0.3000029391437125,0.9839033807547364,0.007608511879446699
w1000_gz60_k20.1_a2,14,1000.0,-1.317615692,60.0,1.0,1.9999999994940358,0.10000000003994718,2000.944054,2000.944054,6.000002095903446,0.38168806548763357,0.20276398372078774
w1000_gz60_k20.1_a2,14,1000.0,-1.317615692,60.0,1.0,1.9999999994940358,0.10000000003994718,2000.627826,2000.627826,4.0000006164625965,0.38721541887858973,0.19890712403340535
w1000_gz60_k20.1_a2,14,1000.0,-1.317615692,60.0,1.0,1.9999999994940358,0.10000000003994718,2000.232541,2000.232541,1.499998767163692,0.6217834971156284,0.1416033344553224
w1000_gz60_k20.1_a2,14,1000.0,-1.317615692,60.0,1.0,1.9999999994940358,0.10000000003994718,1999.947936,1999.947936,-0.3000012994215804,0.9838696935511881,0.0076702440160708665
w1000_gz60_k20.1_a2,14,1000.0,-1.317615692,60.0,1.0,1.9999999994940358,0.10000000003994718,2000.169296,2000.169296,1.1000022660085602,0.7850999568095227,0.08958403686456798
w1000_gz60_k20.1_a2,14,1000.0,-1.317615692,60.0,1.0,1.9999999994940358,0.10000000003994718,2000.090239,2000.090239,0.600001896149067,0.93601057658656,0.029508711307988444
w1000_gz60_k20.1_a2,14,1000.0,-1.317615692,60.0,1.0,1.9999999994940358,0.10000000003994718,1999.868879,1999.868879,-0.8000016692810736,0.8847689432409525,0.051535382411944976
w1000_gz60_k20.1_a2,14,1000.0,-1.317615692,60.0,1.0,1.9999999994940358,0.10000000003994718,2000.390655,2000.390655,2.499999506882679,0.4148265451139412,0.19208722467455439
w1000_gz60_k20.1_a2,14,1000.0,-1.317615692,60.0,1.0,1.9999999994940358,0.10000000003994718,1999.362915,1999.362915,-3.9999989767419026,0.3856628805012191,0.19964870331416598
w1000_gz60_k20.1_a2,14,1000.0,-1.317615692,60.0,1.0,1.9999999994940358,0.10000000003994718,1999.600086,1999.600086,-2.4999978671619845,0.4097300281737867,0.19335442027553645
w1000_gz60_k20.1_a2,14,1000.0,-1.317615692,60.0,1.0,1.9999999994940358,0.10000000003994718,1999.99537,1999.99537,-2.3424162259580532e-06,0.9998315207834991,1.2893317355794642e-05
w1000_gz60_k20.1_a2,14,1000.0,-1.317615692,60.0,1.0,1.9999999994940358,0.10000000003994718,1999.837256,1999.837256,-1.0000030821366506,0.8188382545736493,0.07741670494278055
w1000_gz60_k22.07_a2,20,1000.0,-6.0,60.0,1.0,2.0,2.0736,1997.024,1997.024,-4.000000000000152,0.3226196624461063,0.36194924019077257
w1000_gz60_k22.07_a2,20,1000.0,-6.0,60.0,1.0,2.0,2.0736,1999.904,1999.904,0.0,0.999834664874661,9.119234026074344e-05
w1000_gz60_k22.07_a2,20,1000.0,-6.0,60.0,1.0,2.0,2.0736,2000.696,2000.696,1.0999999999998837,0.9414841474873132,0.09748532172444027
w1000_gz60_k22.07_a2,20,1000.0,-6.0,60.0,1.0,2.0,2.0736,1999.184,1999.184,-1.000000000000038,0.9475417445030285,0.08945056712675908
w1000_gz60_k22.07_a2,20,1000.0,-6.0,60.0,1.0,2.0,2.0736,2001.704,2001.704,2.499999999999937,0.39769711218922826,0.34699485217915205
w1000_gz60_k22.07_a2,20,1000.0,-6.0,60.0,1.0,2.0,2.0736,2002.784,2002.784,4.000000000000152,0.34186412044992825,0.34168153228800346
w1000_gz60_k22.07_a2,20,1000.0,-6.0,60.0,1.0,2.0,2.0736,2000.48,2000.48,0.8000000000000304,0.9739054655543533,0.05178982779789756
w1000_gz60_k22.07_a2,20,1000.0,-6.0,60.0,1.0,2.0,2.0736,2000.984,2000.984,1.499999999999899,0.8360410261433198,0.1814034536199868
w1000_gz60_k22.07_a2,20,1000.0,-6.0,60.0,1.0,2.0,2.0736,1995.584,1995.584,-5.999999999999912,0.3526609383941979,0.36537082069274585
w1000_gz60_k22.07_a2,20,1000.0,-6.0,60.0,1.0,2.0,2.0736,1998.824,1998.824,-1.499999999999899,0.7721856496980326,0.21923510206819868
w1000_gz60_k22.07_a2,20,1000.0,-6.0,60.0,1.0,2.0,2.0736,1999.472,1999.472,-0.6000000000000227,0.986159765605849,0.030932439669666245
w1000_gz60_k22.07_a2,20,1000.0,-6.0,60.0,1.0,2.0,2.0736,2000.12,2000.12,0.2999999999998535,0.9958659863485145,0.007826008525936533
w1000_gz60_k22.07_a2,20,1000.0,-6.0,60.0,1.0,2.0,2.0736,2000.336,2000.336,0.6000000000000227,0.9853210921804425,0.029658185260743163
w1000_gz60_k22.07_a2,20,1000.0,-6.0,60.0,1.0,2.0,2.0736,1999.688,1999.688,-0.2999999999998535,0.9962242787191629,0.008010119723743655
w1000_gz60_k22.07_a2,20,1000.0,-6.0,60.0,1.0,2.0,2.0736,1998.104,1998.104,-2.499999999999937,0.33048744827682286,0.3702300004623099
w1000_gz60_k22.07_a2,20,1000.0,-6.0,60.0,1.0,2.0,2.0736,1999.328,1999.328,-0.8000000000000304,0.9728558551217206,0.05559222582854682
w1000_gz60_k22.07_a2,20,1000.0,-6.0,60.0,1.0,2.0,2.0736,2004.224,2004.224,5.999999999999912,0.32436980011087024,0.34397964238268186
w4_gz7_k20.1_a4,22,4.0,-0.04517539515,0.21,0.03,3.9999999993675446,0.10000000002097355,7.986780915,7.986780915,-2.4999999062180587,0.20843191159464197,0.33770722236203055
w4_gz7_k20.1_a4,22,4.0,-0.04517539515,0.21,0.03,3.9999999993675446,0.10000000002097355,7.998639456,7.998639456,4.5952597098687784e-08,0.9991576518746195,0.0006044151530996066
w4_gz7_k20.1_a4,22,4.0,-0.04517539515,0.21,0.03,3.9999999993675446,0.10000000002097355,7.993896039,7.993896039,-1.000000061406782,0.8532383292597547,0.10119159694153326
w4_gz7_k20.1_a4,22,4.0,-0.04517539515,0.21,0.03,3.9999999993675446,0.10000000002097355,8.001485506,8.001485506,0.6000000682044067,0.9667339862471644,0.02681146985403876
w4_gz7_k20.1_a4,22,4.0,-0.04517539515,0.21,0.03,3.9999999993675446,0.10000000002097355,7.97966579,7.97966579,-3.999999961847676,0.2044004900819168,0.3373269706744938
w4_gz7_k20.1_a4,22,4.0,-0.04517539515,0.21,0.03,3.9999999993675446,0.10000000002097355,7.997216431,7.997216431,-0.2999999651734013,0.9928326630297641,0.007635939249570374
w4_gz7_k20.1_a4,22,4.0,-0.04517539515,0.21,0.03,3.9999999993675446,0.10000000002097355,8.002434189,8.002434189,0.800000005349021,0.9368705074457846,0.04848049945842323
w4_gz7_k20.1_a4,22,4.0,-0.04517539515,0.21,0.03,3.9999999993675446,0.10000000002097355,8.000062481,8.000062481,0.3000000570785955,0.9912078080431931,0.006978451111254068
w4_gz7_k20.1_a4,22,4.0,-0.04517539515,0.21,0.03,3.9999999993675446,0.10000000002097355,7.970178957,7.970178957,-5.999999965747906,0.2066683264217693,0.3356149525822031
w4_gz7_k20.1_a4,22,4.0,-0.04517539515,0.21,0.03,3.9999999993675446,0.10000000002097355,7.991524331,7.991524331,-1.5000000096772077,0.39166988136995395,0.28051334113097953
w4_gz7_k20.1_a4,22,4.0,-0.04517539515,0.21,0.03,3.9999999993675446,0.10000000002097355,8.005754581,8.005754581,1.5000001015822146,0.6068708649139174,0.20572458905758664
w4_gz7_k20.1_a4,22,4.0,-0.04517539515,0.21,0.03,3.9999999993675446,0.10000000002097355,8.027099955,8.027099955,6.000000057653101,0.22108561720484,0.3245754994289549
w4_gz7_k20.1_a4,22,4.0,-0.04517539515,0.21,0.03,3.9999999993675446,0.10000000002097355,7.994844723,7.994844723,-0.7999999134438268,0.930029610523589,0.057461588981762526
w4_gz7_k20.1_a4,22,4.0,-0.04517539515,0.21,0.03,3.9999999993675446,0.10000000002097355,8.003857214,8.003857214,1.1000000164748323,0.8536968252903123,0.09805267728102139
w4_gz7_k20.1_a4,22,4.0,-0.04517539515,0.21,0.03,3.9999999993675446,0.10000000002097355,7.995793406,7.995793406,-0.5999999762993997,0.9675328583425962,0.030246434409539398
w4_gz7_k20.1_a4,22,4.0,-0.04517539515,0.21,0.03,3.9999999993675446,0.10000000002097355,8.010497997,8.010497997,2.499999998123066,0.2402405150742976,0.3243379660474094
w4_gz7_k20.1_a4,22,4.0,-0.04517539515,0.21,0.03,3.9999999993675446,0.10000000002097355,8.017613122,8.017613122,4.000000053752871,0.2204466999683783,0.32750585074098637
w4_gz7_k21_a4,22,4.0,-0.1428571429,0.21,0.03,3.9999999988,1.0000000006,7.971394558,7.971394558,-0.9999999873643647,0.6207882719128914,0.20776831407794494
w4_gz7_k21_a4,22,4.0,-0.1428571429,0.21,0.03,3.9999999988,1.0000000006,7.974394558,7.974394558,-0.7999999874243571,0.8534326369405177,0.10388496751553969
w4_gz7_k21_a4,22,4.0,-0.1428571429,0.21,0.03,3.9999999988,1.0000000006,7.977394558,7.977394558,-0.5999999874843495,0.9490955090953609,0.049994160833744784
w4_gz7_k21_a4,22,4.0,-0.1428571429,0.21,0.03,3.9999999988,1.0000000006,7.990894558,7.990894558,0.3000000122456254,0.9884399116442073,0.01152246171357663
w4_gz7_k21_a4,22,4.0,-0.1428571429,0.21,0.03,3.9999999988,1.0000000006,7.998394558,7.998394558,0.8000000120956443,0.9440948129281763,0.04774362516375741
w4_gz7_k21_a4,22,4.0,-0.1428571429,0.21,0.03,3.9999999988,1.0000000006,8.023894558,8.023894558,2.5000000115856493,0.3465377852015243,0.33601572805516394
w4_gz7_k21_a4,22,4.0,-0.1428571429,0.21,0.03,3.9999999988,1.0000000006,7.981894558,7.981894558,-0.29999998757439733,0.9924043100606017,0.01569114442380159
w4_gz7_k21_a4,22,4.0,-0.1428571429,0.21,0.03,3.9999999988,1.0000000006,7.948894558,7.948894558,-2.499999986914362,0.17408601255100803,0.399111734606622
w4_gz7_k21_a4,22,4.0,-0.1428571429,0.21,0.03,3.9999999988,1.0000000006,8.046394558,8.046394558,4.000000011135588,0.28505386178727254,0.34679060103843656
w4_gz7_k21_a4,22,4.0,-0.1428571429,0.21,0.03,3.9999999988,1.0000000006,7.986394558,7.986394558,1.2335614008041122e-08,0.9982774336471854,0.0061407119392113
w4_gz7_k21_a4,22,4.0,-0.1428571429,0.21,0.03,3.9999999988,1.0000000006,8.076394558,8.076394558,6.000000010535664,0.2641487546932042,0.3262283222401886
w4_gz7_k21_a4,22,4.0,-0.1428571429,0.21,0.03,3.9999999988,1.0000000006,8.008894558,8.008894558,1.5000000118856116,0.7854657002704477,0.16247575953052978
w4_gz7_k21_a4,22,4.0,-0.1428571429,0.21,0.03,3.9999999988,1.0000000006,7.995394558,7.995394558,0.6000000121556367,0.9658803519234467,0.02944467238600998
w4_gz7_k21_a4,22,4.0,-0.1428571429,0.21,0.03,3.9999999988,1.0000000006,7.896394558,7.896394558,-5.999999985864377,0.20157375580106612,0.39796051207753264
w4_gz7_k21_a4,22,4.0,-0.1428571429,0.21,0.03,3.9999999988,1.0000000006,7.963894558,7.963894558,-1.4999999872143837,0.216958538878832,0.36722224756239485
w4_gz7_k21_a4,22,4.0,-0.1428571429,0.21,0.03,3.9999999988,1.0000000006,7.926394558,7.926394558,-3.99999998646436,0.19120143969940698,0.39835128166436323
w4_gz7_k21_a4,22,4.0,-0.1428571429,0.21,0.03,3.9999999988,1.0000000006,8.002894558,8.002894558,1.1000000120055964,0.8995070190807806,0.0848247818193725
w6_gz20_k20.1_a4,22,6.0,-0.02371708245,0.6,0.03,4.0,0.09999999998935077,12.00354473,12.00354473,0.799999327061526,0.9190362261184272,0.05002770918317129
w6_gz20_k20.1_a4,22,6.0,-0.02371708245,0.6,0.03,4.0,0.09999999998935077,12.00117302,12.00117302,0.2999989570749873,0.9820830302679893,0.0064807768885192215
w6_gz20_k20.1_a4,22,6.0,-0.02371708245,0.6,0.03,4.0,0.09999999998935077,11.99832698,11.99832698,-0.29999895708659646,0.9830697385919345,0.006756310284811581
w6_gz20_k20.1_a4,22,6.0,-0.02371708245,0.6,0.03,4.0,0.09999999998935077,11.99595527,11.99595527,-0.7999993270731351,0.9184647135516637,0.05233957156913094
w6_gz20_k20.1_a4,22,6.0,-0.02371708245,0.6,0.03,4.0,0.09999999998935077,12.00259605,12.00259605,0.6000000223408732,0.9544794958884877,0.0268618750057212
w6_gz20_k20.1_a4,22,6.0,-0.02371708245,0.6,0.03,4.0,0.09999999998935077,11.98789146,11.98789146,-2.4999997417530295,0.22569412049802492,0.32147297484898607
w6_gz20_k20.1_a4,22,6.0,-0.02371708245,0.6,0.03,4.0,0.09999999998935077,11.99975,11.99975,-5.617333550021824e-12,0.9905105836684278,7.645293249955161e-05
w6_gz20_k20.1_a4,22,6.0,-0.02371708245,0.6,0.03,4.0,0.09999999998935077,11.98077633,11.98077633,-4.000000851712646,0.21292597318353923,0.3234101226003073
w6_gz20_k20.1_a4,22,6.0,-0.02371708245,0.6,0.03,4.0,0.09999999998935077,11.99500658,11.99500658,-1.0000007399786948,0.8528377326563232,0.08876432237201574
w6_gz20_k20.1_a4,22,6.0,-0.02371708245,0.6,0.03,4.0,0.09999999998935077,11.99690395,11.99690395,-0.6000000223524824,0.9555984576444332,0.027896218605473054
w6_gz20_k20.1_a4,22,6.0,-0.02371708245,0.6,0.03,4.0,0.09999999998935077,12.0282105,12.0282105,6.00000022346191,0.2164332302303057,0.31972569258483186
w6_gz20_k20.1_a4,22,6.0,-0.02371708245,0.6,0.03,4.0,0.09999999998935077,11.9712895,11.9712895,-6.00000022347352,0.21420090292864125,0.32106623837167547
w6_gz20_k20.1_a4,22,6.0,-0.02371708245,0.6,0.03,4.0,0.09999999998935077,12.01872367,12.01872367,4.000000851701037,0.21527971576360078,0.32211599295583987
w6_gz20_k20.1_a4,22,6.0,-0.02371708245,0.6,0.03,4.0,0.09999999998935077,12.01160854,12.01160854,2.4999997417414206,0.23139926757116663,0.31924077701930925
w6_gz20_k20.1_a4,22,6.0,-0.02371708245,0.6,0.03,4.0,0.09999999998935077,12.00686512,12.00686512,1.4999990017687175,0.5344916833139101,0.22095069081543114
w6_gz20_k20.1_a4,22,6.0,-0.02371708245,0.6,0.03,4.0,0.09999999998935077,12.00496776,12.00496776,1.100000392327412,0.8149928535376787,0.1057467574345381
w6_gz20_k20.1_a4,22,6.0,-0.02371708245,0.6,0.03,4.0,0.09999999998935077,11.99263488,11.99263488,-1.4999990017799523,0.4972491678685016,0.23504482158487666
w6_gz4_k20.1_a4,22,6.0,-0.1185854123,0.12,0.03,3.9999999983134527,0.10000000007367814,11.99896776,11.99896776,1.1000003928402784,0.8252927863946506,0.07898611617964406
w6_gz4_k20.1_a4,22,6.0,-0.1185854123,0.12,0.03,3.9999999983134527,0.10000000007367814,11.98189146,11.98189146,-2.4999997397222704,0.179067675795214,0.30825170770796284
w6_gz4_k20.1_a4,22,6.0,-0.1185854123,0.12,0.03,3.9999999983134527,0.10000000007367814,11.98663488,11.98663488,-1.4999990001708303,0.20239713361171666,0.27943221076576036
w6_gz4_k20.1_a4,22,6.0,-0.1185854123,0.12,0.03,3.9999999983134527,0.10000000007367814,11.99375,11.99375,9.710497259376756e-10,0.9997379583433279,0.001838667125792184
w6_gz4_k20.1_a4,22,6.0,-0.1185854123,0.12,0.03,3.9999999983134527,0.10000000007367814,12.00086512,12.00086512,1.4999990021129297,0.6771051572034544,0.1426944851651125
w6_gz4_k20.1_a4,22,6.0,-0.1185854123,0.12,0.03,3.9999999983134527,0.10000000007367814,11.98900658,11.98900658,-1.0000007385803906,0.2928744215071287,0.21430408913184137
w6_gz4_k20.1_a4,22,6.0,-0.1185854123,0.12,0.03,3.9999999983134527,0.10000000007367814,11.99754473,11.99754473,0.7999993277008839,0.9053271154105824,0.043292131453372476
w6_gz4_k20.1_a4,22,6.0,-0.1185854123,0.12,0.03,3.9999999983134527,0.10000000007367814,11.99232698,11.99232698,-0.2999989559834388,0.9805604823563794,0.010056031004749073
w6_gz4_k20.1_a4,22,6.0,-0.1185854123,0.12,0.03,3.9999999983134527,0.10000000007367814,11.99090395,11.99090395,-0.6000000211228332,0.8875436612072893,0.04209610060813351
w6_gz4_k20.1_a4,22,6.0,-0.1185854123,0.12,0.03,3.9999999983134527,0.10000000007367814,11.98995527,11.98995527,-0.799999325759159,0.6903588888205576,0.09974939094707724
w6_gz4_k20.1_a4,22,6.0,-0.1185854123,0.12,0.03,3.9999999983134527,0.10000000007367814,11.99659605,11.99659605,0.6000000230649327,0.945085205639407,0.025431698893652536
w6_gz4_k20.1_a4,22,6.0,-0.1185854123,0.12,0.03,3.9999999983134527,0.10000000007367814,11.99517302,11.99517302,0.29999895792516373,0.9850258145988956,0.00777526578512214
w6_gz4_k20.1_a4,22,6.0,-0.1185854123,0.12,0.03,3.9999999983134527,0.10000000007367814,12.0222105,12.0222105,6.000000221908756,0.22562531860418855,0.29669717513919686
w6_gz4_k20.1_a4,22,6.0,-0.1185854123,0.12,0.03,3.9999999983134527,0.10000000007367814,11.9652895,11.9652895,-6.0000002199666564,0.1719538442892778,0.32223335513748835
w6_gz4_k20.1_a4,22,6.0,-0.1185854123,0.12,0.03,3.9999999983134527,0.10000000007367814,11.97477633,11.97477633,-4.000000849049431,0.17895925467339008,0.3151437574932201
w6_gz4_k20.1_a4,22,6.0,-0.1185854123,0.12,0.03,3.9999999983134527,0.10000000007367814,12.01272367,12.01272367,4.000000850991156,0.22358265332203936,0.3054940812073449
w6_gz4_k20.1_a4,22,6.0,-0.1185854123,0.12,0.03,3.9999999983134527,0.10000000007367814,12.00560854,12.00560854,2.4999997416643702,0.28801022084164307,0.2911948016065531
w6_gz7.07_k20.03_a4,20,6.0,-0.036742,0.21213203435596426,0.03,3.9999203473358023,0.029999434755555554,11.995503,11.995503,-1.4999744815460045,0.21577861513972496,0.20815816081365587
w6_gz7.07_k20.03_a4,20,6.0,-0.036742,0.21213203435596426,0.03,3.9999203473358023,0.029999434755555554,11.998621,11.998621,-0.2998444158228027,0.9816843454635015,0.007056251184297105
w6_gz7.07_k20.03_a4,20,6.0,-0.036742,0.21213203435596426,0.03,3.9999203473358023,0.029999434755555554,11.997322,11.997322,-0.7998344592395836,0.8345193905714179,0.055131044187444286
w6_gz7.07_k20.03_a4,20,6.0,-0.036742,0.21213203435596426,0.03,3.9999203473358023,0.029999434755555554,12.001478,12.001478,0.7998257566503114,0.8513231860878613,0.04940664826894657
w6_gz7.07_k20.03_a4,20,6.0,-0.036742,0.21213203435596426,0.03,3.9999203473358023,0.029999434755555554,11.992905,11.992905,-2.4999545683795663,0.1501011989927391,0.23068139573620364
w6_gz7.07_k20.03_a4,20,6.0,-0.036742,0.21213203435596426,0.03,3.9999203473358023,0.029999434755555554,11.997841,11.997841,-0.6000693841565788,0.9178034497284305,0.02925875096320083
w6_gz7.07_k20.03_a4,20,6.0,-0.036742,0.21213203435596426,0.03,3.9999203473358023,0.029999434755555554,12.000179,12.000179,0.2998357132328467,0.9817101837440836,0.006720349913936724
w6_gz7.07_k20.03_a4,20,6.0,-0.036742,0.21213203435596426,0.03,3.9999203473358023,0.029999434755555554,12.014988,12.014988,5.999876169709128,0.1472709171468048,0.2316438219150732
w6_gz7.07_k20.03_a4,20,6.0,-0.036742,0.21213203435596426,0.03,3.9999203473358023,0.029999434755555554,11.9994,11.9994,-4.351294978001176e-06,0.9998089637766086,0.000178407351224537
w6_gz7.07_k20.03_a4,20,6.0,-0.036742,0.21213203435596426,0.03,3.9999203473358023,0.029999434755555554,12.003297,12.003297,1.4999657789560485,0.3396353826218907,0.17926213681903042
w6_gz7.07_k20.03_a4,20,6.0,-0.036742,0.21213203435596426,0.03,3.9999203473358023,0.029999434755555554,12.002258,12.002258,1.1000507249834037,0.6752448459821817,0.0984202743166525
w6_gz7.07_k20.03_a4,20,6.0,-0.036742,0.21213203435596426,0.03,3.9999203473358023,0.029999434755555554,11.996282,11.996282,-1.2001344170174961,0.48243500815401624,0.14589256818714574
w6_gz7.07_k20.03_a4,20,6.0,-0.036742,0.21213203435596426,0.03,3.9999203473358023,0.029999434755555554,12.004596,12.004596,1.9999558223728293,0.16342111700457077,0.2205908256327545
w6_gz7.07_k20.03_a4,20,6.0,-0.036742,0.21213203435596426,0.03,3.9999203473358023,0.029999434755555554,11.989008,11.989008,-3.999924698630593,0.14867609500759565,0.23308651083495469
w6_gz7.07_k20.03_a4,20,6.0,-0.036742,0.21213203435596426,0.03,3.9999203473358023,0.029999434755555554,11.996802,11.996802,-0.9999844381285399,0.6947833459543036,0.09363306389190618
w6_gz7.07_k20.03_a4,20,6.0,-0.036742,0.21213203435596426,0.03,3.9999203473358023,0.029999434755555554,12.009792,12.009792,3.9999159960406367,0.14674809353525642,0.23060672300018092
w6_gz7.07_k20.03_a4,20,6.0,-0.036742,0.21213203435596426,0.03,3.9999203473358023,0.029999434755555554,12.005895,12.005895,2.499945865790294,0.14674447219458847,0.2270786505409324
w6_gz7.07_k20.1_a4,20,6.0,-0.067082,0.21213203435596426,0.03,4.000072766534555,0.09999988275555557,11.993257,11.993257,-0.9999132766626397,0.8344370039861155,0.1084447664365364
w6_gz7.07_k20.1_a4,20,6.0,-0.067082,0.21213203435596426,0.03,4.000072766534555,0.09999988275555557,11.986141,11.986141,-2.5000986780887753,0.19958944079593524,0.34162053858419733
w6_gz7.07_k20.1_a4,20,6.0,-0.067082,0.21213203435596426,0.03,4.000072766534555,0.09999988275555557,12.009859,12.009859,2.5000976893966715,0.24648442860582698,0.3223488331255896
w6_gz7.07_k20.1_a4,20,6.0,-0.067082,0.21213203435596426,0.03,4.000072766534555,0.09999988275555557,12.007487,12.007487,2.0000358889210434,0.32750630460553287,0.29999310472643176
w6_gz7.07_k20.1_a4,20,6.0,-0.067082,0.21213203435596426,0.03,4.000072766534555,0.09999988275555557,12.016974,12.016974,4.000072272188326,0.22404244319056782,0.32537653475380157
w6_gz7.07_k20.1_a4,20,6.0,-0.067082,0.21213203435596426,0.03,4.000072766534555,0.09999988275555557,11.990885,11.990885,-1.4999750771378935,0.31325282759741635,0.3037239820397736
w6_gz7.07_k20.1_a4,20,6.0,-0.067082,0.21213203435596426,0.03,4.000072766534555,0.09999988275555557,12.02646,12.02646,5.999897836821502,0.22400203742823255,0.321746127280483
w6_gz7.07_k20.1_a4,20,6.0,-0.067082,0.21213203435596426,0.03,4.000072766534555,0.09999988275555557,11.979026,11.979026,-4.0000732608808045,0.19987237489218507,0.33970818502554756
w6_gz7.07_k20.1_a4,20,6.0,-0.067082,0.21213203435596426,0.03,4.000072766534555,0.09999988275555557,11.995154,11.995154,-0.5999903274629756,0.9658598179696475,0.03092387258242888
w6_gz7.07_k20.1_a4,20,6.0,-0.067082,0.21213203435596426,0.03,4.000072766534555,0.09999988275555557,11.998,11.998,-4.943462390621176e-07,0.9997698627950575,0.0005929005187562994
w6_gz7.07_k20.1_a4,20,6.0,-0.067082,0.21213203435596426,0.03,4.000072766534555,0.09999988275555557,12.005115,12.005115,1.4999740884457897,0.6392156848469008,0.19369134667900556
w6_gz7.07_k20.1_a4,20,6.0,-0.067082,0.21213203435596426,0.03,4.000072766534555,0.09999988275555557,11.994205,11.994205,-0.8000572113800483,0.9244915182236901,0.05978018947339041
w6_gz7.07_k20.1_a4,20,6.0,-0.067082,0.21213203435596426,0.03,4.000072766534555,0.09999988275555557,11.996577,11.996577,-0.2999954109044201,0.9928477786404306,0.007683374602374021
w6_gz7.07_k20.1_a4,20,6.0,-0.067082,0.21213203435596426,0.03,4.000072766534555,0.09999988275555557,11.992308,11.992308,-1.1999801605797122,0.646547859677869,0.18808844502549443
w6_gz7.07_k20.1_a4,20,6.0,-0.067082,0.21213203435596426,0.03,4.000072766534555,0.09999988275555557,11.999423,11.999423,0.2999944222123165,0.9918844631196709,0.006991708238601716
w6_gz7.07_k20.1_a4,20,6.0,-0.067082,0.21213203435596426,0.03,4.000072766534555,0.09999988275555557,12.003218,12.003218,1.1000511392461259,0.8605623432782626,0.09424933490740624
w6_gz7.07_k20.1_a4,20,6.0,-0.067082,0.21213203435596426,0.03,4.000072766534555,0.09999988275555557,12.001795,12.001795,0.8000562226875702,0.9378849723646714,0.04764379822900926
w6_gz7.07_k20.3_a4,20,6.0,-0.11619,0.21213203435596426,0.03,3.99993977969421,0.30000258,12.043295,12.043295,5.9999768078665205,0.2540935804473139,0.33329840407896477
w6_gz7.07_k20.3_a4,20,6.0,-0.11619,0.21213203435596426,0.03,3.99993977969421,0.30000258,11.991535,11.991535,-0.3000226747422341,0.9939908441515419,0.009504096295739756
w6_gz7.07_k20.3_a4,20,6.0,-0.11619,0.21213203435596426,0.03,3.99993977969421,0.30000258,12.026863,12.026863,3.999946060219159,0.2669088045625905,0.34673138547189236
w6_gz7.07_k20.3_a4,20,6.0,-0.11619,0.21213203435596426,0.03,3.99993977969421,0.30000258,11.985784,11.985784,-1.0000090932987153,0.7858845293330241,0.14321228914244716
w6_gz7.07_k20.3_a4,20,6.0,-0.11619,0.21213203435596426,0.03,3.99993977969421,0.30000258,11.984141,11.984141,-1.1999878249435183,0.5280932322411637,0.2546308248418464
w6_gz7.07_k20.3_a4,20,6.0,-0.11619,0.21213203435596426,0.03,3.99993977969421,0.30000258,11.97346,11.97346,-2.500032154034399,0.17857629387624974,0.38815738584611564
w6_gz7.07_k20.3_a4,20,6.0,-0.11619,0.21213203435596426,0.03,3.99993977969421,0.30000258,12.000573,12.000573,0.8000429227038437,0.9512805245091694,0.046039570661851
w6_gz7.07_k20.3_a4,20,6.0,-0.11619,0.21213203435596426,0.03,3.99993977969421,0.30000258,11.987427,11.987427,-0.8000303616541287,0.9140183595012772,0.07362259355924541
w6_gz7.07_k20.3_a4,20,6.0,-0.11619,0.21213203435596426,0.03,3.99993977969421,0.30000258,12.01454,12.01454,2.500044715084114,0.33049438413198273,0.34331292121194035
w6_gz7.07_k20.3_a4,20,6.0,-0.11619,0.21213203435596426,0.03,3.99993977969421,0.30000258,11.981676,11.981676,-1.50001678021061,0.22312786201213763,0.36257880859615765
w6_gz7.07_k20.3_a4,20,6.0,-0.11619,0.21213203435596426,0.03,3.99993977969421,0.30000258,12.003037,12.003037,1.0999501623707286,0.9006430330840413,0.08704679787805639
w6_gz7.07_k20.3_a4,20,6.0,-0.11619,0.21213203435596426,0.03,3.99993977969421,0.30000258,11.961137,11.961137,-3.9999334991692277,0.19529113991119929,0.3818762151387633
w6_gz7.07_k20.3_a4,20,6.0,-0.11619,0.21213203435596426,0.03,3.99993977969421,0.30000258,11.994,11.994,6.280524857548475e-06,0.9996388604937816,0.0017790730894451177
w6_gz7.07_k20.3_a4,20,6.0,-0.11619,0.21213203435596426,0.03,3.99993977969421,0.30000258,11.996465,11.996465,0.3000352357921654,0.9924776109225167,0.007926452582472623
w6_gz7.07_k20.3_a4,20,6.0,-0.11619,0.21213203435596426,0.03,3.99993977969421,0.30000258,11.98907,11.98907,-0.6000516300095419,0.9667304824661271,0.03610443051696118
w6_gz7.07_k20.3_a4,20,6.0,-0.11619,0.21213203435596426,0.03,3.99993977969421,0.30000258,12.010432,12.010432,2.0000370281722195,0.4773990945401513,0.2979244457338378
w6_gz7.07_k20.3_a4,20,6.0,-0.11619,0.21213203435596426,0.03,3.99993977969421,0.30000258,12.006324,12.006324,1.5000293412603252,0.7614973630944606,0.17330887828468886
w6_gz7.07_k21_a4,20,6.0,-0.212132,0.21213203435596426,0.03,4.00000064782238,0.9999996760888887,12.0,12.0,1.3333331173925347,0.813953054367795,0.11486724446209477
w6_gz7.07_k21_a4,20,6.0,-0.212132,0.21213203435596426,0.03,4.00000064782238,0.9999996760888887,11.98,11.98,-4.318815634763819e-07,0.9987225944314212,0.006056138665625898
w6_gz7.07_k21_a4,20,6.0,-0.212132,0.21213203435596426,0.03,4.00000064782238,0.9999996760888887,12.0025,12.0025,1.4999998110517674,0.7700497568747855,0.1422813956731915
w6_gz7.07_k21_a4,20,6.0,-0.212132,0.21213203435596426,0.03,4.00000064782238,0.9999996760888887,12.01,12.01,1.9999998920295838,0.5807607147087561,0.24539757894347147
w6_gz7.07_k21_a4,20,6.0,-0.212132,0.21213203435596426,0.03,4.00000064782238,0.9999996760888887,11.9755,11.9755,-0.30000048046825334,0.9822623551139793,0.016518360583426827
w6_gz7.07_k21_a4,20,6.0,-0.212132,0.21213203435596426,0.03,4.00000064782238,0.9999996760888887,12.04,12.04,4.000000215940731,0.2938481888440633,0.32141058198155853
w6_gz7.07_k21_a4,20,6.0,-0.212132,0.21213203435596426,0.03,4.00000064782238,0.9999996760888887,11.9425,11.9425,-2.5000008367705275,0.170080951690857,0.35913084041126053
w6_gz7.07_k21_a4,20,6.0,-0.212132,0.21213203435596426,0.03,4.00000064782238,0.9999996760888887,11.962,11.962,-1.200000626228323,0.19760888995973042,0.2904238105225937
w6_gz7.07_k21_a4,20,6.0,-0.212132,0.21213203435596426,0.03,4.00000064782238,0.9999996760888887,11.9845,11.9845,0.29999961670512637,0.9860780603124853,0.01124573319094362
w6_gz7.07_k21_a4,20,6.0,-0.212132,0.21213203435596426,0.03,4.00000064782238,0.9999996760888887,11.968,11.968,-0.8000005614460698,0.6601728541687266,0.13228399328497398
w6_gz7.07_k21_a4,20,6.0,-0.212132,0.21213203435596426,0.03,4.00000064782238,0.9999996760888887,12.0175,12.0175,2.4999999730074003,0.4100745246857129,0.3039477447221738
w6_gz7.07_k21_a4,20,6.0,-0.212132,0.21213203435596426,0.03,4.00000064782238,0.9999996760888887,11.92,11.92,-4.000001079703977,0.18149576552070196,0.37479232957404685
w6_gz7.07_k21_a4,20,6.0,-0.212132,0.21213203435596426,0.03,4.00000064782238,0.9999996760888887,11.9965,11.9965,1.0999997462695144,0.8666235250580945,0.0818140868544005
w6_gz7.07_k21_a4,20,6.0,-0.212132,0.21213203435596426,0.03,4.00000064782238,0.9999996760888887,11.9575,11.9575,-1.5000006748150128,0.15703612399881794,0.32446713433188706
w6_gz7.07_k21_a4,20,6.0,-0.212132,0.21213203435596426,0.03,4.00000064782238,0.9999996760888887,11.992,11.992,0.7999996976829429,0.9236369867461022,0.04686811822368865
w6_gz7.07_k21_a4,20,6.0,-0.212132,0.21213203435596426,0.03,4.00000064782238,0.9999996760888887,11.971,11.971,-0.6000005290549433,0.8840896662382038,0.057797689684208134
w6_gz7.07_k21_a4,20,6.0,-0.212132,0.21213203435596426,0.03,4.00000064782238,0.9999996760888887,11.965,11.965,-1.0000005938371963,0.2583228575973948,0.25416856003856897
w6_gz7.07_k21_a4,20,6.0,-0.212132,0.21213203435596426,0.03,4.00000064782238,0.9999996760888887,12.07,12.07,6.000000539851997,0.28712686986929015,0.30660751738803177
w6_gz7.07_k22_a4,20,6.0,-0.3,0.21213203435596426,0.03,4.000008780268142,1.9999999999999996,11.96,11.96,0.0,0.995704652909998,0.012575521799053113
w6_gz7.07_k22_a4,20,6.0,-0.3,0.21213203435596426,0.03,4.000008780268142,1.9999999999999996,11.953636,11.953636,-0.3000018370314771,0.9373177917564666,0.03116054867951994
w6_gz7.07_k22_a4,20,6.0,-0.3,0.21213203435596426,0.03,4.000008780268142,1.9999999999999996,11.99182,11.99182,1.5000091851570505,0.7092583386991682,0.1361001186603103
w6_gz7.07_k22_a4,20,6.0,-0.3,0.21213203435596426,0.03,4.000008780268142,1.9999999999999996,11.906967,11.906967,-2.4999995951111256,0.16689689135384278,0.32350627056838643
w6_gz7.07_k22_a4,20,6.0,-0.3,0.21213203435596426,0.03,4.000008780268142,1.9999999999999996,12.087279,12.087279,5.999989600176159,0.2839780766361736,0.29944123043241666
w6_gz7.07_k22_a4,20,6.0,-0.3,0.21213203435596426,0.03,4.000008780268142,1.9999999999999996,11.934544,11.934544,-1.2000073481256572,0.1515269817210103,0.25833265453764104
w6_gz7.07_k22_a4,20,6.0,-0.3,0.21213203435596426,0.03,4.000008780268142,1.9999999999999996,11.983335,11.983335,1.1000224492658461,0.8171916871394487,0.0819613243085812
w6_gz7.07_k22_a4,20,6.0,-0.3,0.21213203435596426,0.03,4.000008780268142,1.9999999999999996,12.013033,12.013033,2.4999995951110416,0.4412959502116642,0.28375152292560973
w6_gz7.07_k22_a4,20,6.0,-0.3,0.21213203435596426,0.03,4.000008780268142,1.9999999999999996,12.002426,12.002426,1.9999808199079825,0.5690017242182738,0.2139192017389831
w6_gz7.07_k22_a4,20,6.0,-0.3,0.21213203435596426,0.03,4.000008780268142,1.9999999999999996,11.938787,11.938787,-0.999990409954075,0.16795363269969704,0.23907280709703996
w6_gz7.07_k22_a4,20,6.0,-0.3,0.21213203435596426,0.03,4.000008780268142,1.9999999999999996,11.92818,11.92818,-1.5000091851571344,0.1537132034723866,0.279922185921733
w6_gz7.07_k22_a4,20,6.0,-0.3,0.21213203435596426,0.03,4.000008780268142,1.9999999999999996,11.966364,11.966364,0.3000018370313934,0.9781410670067074,0.01573372668446939
w6_gz7.07_k22_a4,20,6.0,-0.3,0.21213203435596426,0.03,4.000008780268142,1.9999999999999996,11.943029,11.943029,-0.8000206122345365,0.21513182967661165,0.211639945606454
w6_gz7.07_k22_a4,20,6.0,-0.3,0.21213203435596426,0.03,4.000008780268142,1.9999999999999996,11.976971,11.976971,0.8000206122344528,0.890248701914364,0.04876097643330127
w6_gz7.07_k22_a4,20,6.0,-0.3,0.21213203435596426,0.03,4.000008780268142,1.9999999999999996,12.044853,12.044853,4.000008780268092,0.28155283611835097,0.2758576139599662
w6_gz7.07_k22_a4,20,6.0,-0.3,0.21213203435596426,0.03,4.000008780268142,1.9999999999999996,11.875147,11.875147,-4.0000087802681765,0.16637665689057218,0.3494920411289866
w6_gz7.07_k22_a4,20,6.0,-0.3,0.21213203435596426,0.03,4.000008780268142,1.9999999999999996,11.947272,11.947272,-0.6000036740628705,0.4671491470815101,0.1377866580741835
w6_gz7_k20.1_a2,14,6.0,-0.06776309272,0.21,0.03,2.000000000042164,0.10000000000621623,12.02641968,12.02641968,5.999999448552964,0.38205586233470124,0.19889352620567421
w6_gz7_k20.1_a2,14,6.0,-0.06776309272,0.21,0.03,2.000000000042164,0.10000000000621623,11.99653616,11.99653616,-0.2999997314642801,0.9829937487421725,0.008454694008646468
w6_gz7_k20.1_a2,14,6.0,-0.06776309272,0.21,0.03,2.000000000042164,0.10000000000621623,12.00981772,12.00981772,2.4999989671276204,0.4554507276597549,0.18317949824367083
w6_gz7_k20.1_a2,14,6.0,-0.06776309272,0.21,0.03,2.000000000042164,0.10000000000621623,11.99938221,11.99938221,0.30000029083198865,0.9815182836116931,0.008450493833111306
w6_gz7_k20.1_a2,14,6.0,-0.06776309272,0.21,0.03,2.000000000042164,0.10000000000621623,11.99321577,11.99321577,-0.999999406112068,0.7881271468696933,0.08917666290316563
w6_gz7_k20.1_a2,14,6.0,-0.06776309272,0.21,0.03,2.000000000042164,0.10000000000621623,11.99416445,11.99416445,-0.8000001014086552,0.8721129889765936,0.05747613886062173
w6_gz7_k20.1_a2,14,6.0,-0.06776309272,0.21,0.03,2.000000000042164,0.10000000000621623,11.99511313,11.99511313,-0.6000007967048677,0.9309499413580851,0.03251508119873034
w6_gz7_k20.1_a2,14,6.0,-0.06776309272,0.21,0.03,2.000000000042164,0.10000000000621623,12.00080523,12.00080523,0.5999992478872952,0.9298849196948394,0.03064886304126811
w6_gz7_k20.1_a2,14,6.0,-0.06776309272,0.21,0.03,2.000000000042164,0.10000000000621623,11.96949868,11.96949868,-6.000000997370537,0.36659689178246346,0.21020615675442927
w6_gz7_k20.1_a2,14,6.0,-0.06776309272,0.21,0.03,2.000000000042164,0.10000000000621623,11.99084406,11.99084406,-1.499999776056443,0.5051726491810609,0.1717542164343418
w6_gz7_k20.1_a2,14,6.0,-0.06776309272,0.21,0.03,2.000000000042164,0.10000000000621623,11.99795918,11.99795918,-7.744085990519315e-07,0.9998907061266035,0.00032571709854333267
w6_gz7_k20.1_a2,14,6.0,-0.06776309272,0.21,0.03,2.000000000042164,0.10000000000621623,11.97898552,11.97898552,-3.999999517593037,0.3716876565029106,0.20572960705024385
w6_gz7_k20.1_a2,14,6.0,-0.06776309272,0.21,0.03,2.000000000042164,0.10000000000621623,12.00317694,12.00317694,1.0999996178316702,0.7972685788717084,0.08343232135346522
w6_gz7_k20.1_a2,14,6.0,-0.06776309272,0.21,0.03,2.000000000042164,0.10000000000621623,12.01693285,12.01693285,4.000000076960745,0.39487464994620536,0.19508174184492827
w6_gz7_k20.1_a2,14,6.0,-0.06776309272,0.21,0.03,2.000000000042164,0.10000000000621623,12.00175392,12.00175392,0.8000006607763637,0.8829137613234859,0.050198709953087416
w6_gz7_k20.1_a2,14,6.0,-0.06776309272,0.21,0.03,2.000000000042164,0.10000000000621623,11.98610064,11.98610064,-2.5000005159451932,0.378536167216561,0.20207303068223964
w6_gz7_k20.1_a2,14,6.0,-0.06776309272,0.21,0.03,2.000000000042164,0.10000000000621623,12.00507431,12.00507431,1.5000003354241516,0.6701379395971687,0.12680049259891063
w8_gz7_k20.1_a4,22,8.0,-0.09035079029,0.21,0.03,3.9999999998102638,0.09999999999883759,15.99348418,15.99348418,-0.7999996568883844,0.9113618501632552,0.06299241468745549
w8_gz7_k20.1_a4,22,8.0,-0.09035079029,0.21,0.03,3.9999999998102638,0.09999999999883759,16.00439404,16.00439404,1.500000780029651,0.6636733048060435,0.18064074206974992
w8_gz7_k20.1_a4,22,8.0,-0.09035079029,0.21,0.03,3.9999999998102638,0.09999999999883759,15.99016379,15.99016379,-1.4999993315619975,0.28439275531610897,0.30577541546688586
w8_gz7_k20.1_a4,22,8.0,-0.09035079029,0.21,0.03,3.9999999998102638,0.09999999999883759,15.97830525,15.97830525,-3.9999990731908244,0.1961980573366846,0.33867842629612704
w8_gz7_k20.1_a4,22,8.0,-0.09035079029,0.21,0.03,3.9999999998102638,0.09999999999883759,15.99727891,15.99727891,-3.2985881377531493e-07,0.9998920682572808,0.0005994989012176445
w8_gz7_k20.1_a4,22,8.0,-0.09035079029,0.21,0.03,3.9999999998102638,0.09999999999883759,15.99585589,15.99585589,-0.2999992869255627,0.9919639278103254,0.007763222140542756
w8_gz7_k20.1_a4,22,8.0,-0.09035079029,0.21,0.03,3.9999999998102638,0.09999999999883759,16.00913745,16.00913745,2.499999411770013,0.25529961568122983,0.3178909870145234
w8_gz7_k20.1_a4,22,8.0,-0.09035079029,0.21,0.03,3.9999999998102638,0.09999999999883759,16.00012496,16.00012496,0.5999996924595908,0.9654533967118453,0.02624274625034142
w8_gz7_k20.1_a4,22,8.0,-0.09035079029,0.21,0.03,3.9999999998102638,0.09999999999883759,15.99443286,15.99443286,-0.6000003521772184,0.9609608789979911,0.03182428284500306
w8_gz7_k20.1_a4,22,8.0,-0.09035079029,0.21,0.03,3.9999999998102638,0.09999999999883759,15.96881841,15.96881841,-6.000000553041737,0.1977166875982424,0.3381153127391093
w8_gz7_k20.1_a4,22,8.0,-0.09035079029,0.21,0.03,3.9999999998102638,0.09999999999883759,16.00249667,16.00249667,1.100000062422038,0.8601518837605194,0.09061575874680791
w8_gz7_k20.1_a4,22,8.0,-0.09035079029,0.21,0.03,3.9999999998102638,0.09999999999883759,16.01625258,16.01625258,4.000000521658103,0.22765386472403787,0.3214159555003301
w8_gz7_k20.1_a4,22,8.0,-0.09035079029,0.21,0.03,3.9999999998102638,0.09999999999883759,16.02573941,16.02573941,5.999999893324109,0.22711330511568417,0.31689368351308833
w8_gz7_k20.1_a4,22,8.0,-0.09035079029,0.21,0.03,3.9999999998102638,0.09999999999883759,15.99870194,15.99870194,0.3000007353928419,0.9914900249671716,0.006978421919937461
w8_gz7_k20.1_a4,22,8.0,-0.09035079029,0.21,0.03,3.9999999998102638,0.09999999999883759,15.9925355,15.9925355,-0.9999989615991759,0.7966983626713646,0.1190724650441369
w8_gz7_k20.1_a4,22,8.0,-0.09035079029,0.21,0.03,3.9999999998102638,0.09999999999883759,15.98542037,15.98542037,-2.5000000714876407,0.19531401757762717,0.33976076584148324
w8_gz7_k20.1_a4,22,8.0,-0.09035079029,0.21,0.03,3.9999999998102638,0.09999999999883759,16.00107364,16.00107364,0.7999989971707568,0.9352669195252712,0.04663139152368414
w8_gz7_k21_a4,22,8.0,-0.2857142857,0.21,0.03,4.0000000002,0.9999999999000001,15.96828912,15.96828912,-0.2999997099469529,0.9608684707599647,0.018347950909005872
w8_gz7_k21_a4,22,8.0,-0.2857142857,0.21,0.03,4.0000000002,0.9999999999000001,15.93528912,15.93528912,-2.4999997100569176,0.16817268328152604,0.3190707456242253
w8_gz7_k21_a4,22,8.0,-0.2857142857,0.21,0.03,4.0000000002,0.9999999999000001,15.97728912,15.97728912,0.30000029008306983,0.9810412416127201,0.011067379448708068
w8_gz7_k21_a4,22,8.0,-0.2857142857,0.21,0.03,4.0000000002,0.9999999999000001,15.97278912,15.97278912,2.9006805847616e-07,0.9985370430927528,0.0061819704122032994
w8_gz7_k21_a4,22,8.0,-0.2857142857,0.21,0.03,4.0000000002,0.9999999999000001,15.95778912,15.95778912,-0.9999997099819794,0.17149476080651405,0.22247096782488987
w8_gz7_k21_a4,22,8.0,-0.2857142857,0.21,0.03,4.0000000002,0.9999999999000001,15.91278912,15.91278912,-3.9999997101319744,0.1689485546371815,0.3466793386277766
w8_gz7_k21_a4,22,8.0,-0.2857142857,0.21,0.03,4.0000000002,0.9999999999000001,15.98928912,15.98928912,1.1000002901231,0.8259764884423232,0.07921495723903516
w8_gz7_k21_a4,22,8.0,-0.2857142857,0.21,0.03,4.0000000002,0.9999999999000001,15.95028912,15.95028912,-1.4999997100068798,0.1712437096574837,0.2690378267351846
w8_gz7_k21_a4,22,8.0,-0.2857142857,0.21,0.03,4.0000000002,0.9999999999000001,15.98478912,15.98478912,0.8000002901080888,0.8973563602911045,0.045409831767412506
w8_gz7_k21_a4,22,8.0,-0.2857142857,0.21,0.03,4.0000000002,0.9999999999000001,15.96378912,15.96378912,-0.5999997099619643,0.6980710809940991,0.07850239315702674
w8_gz7_k21_a4,22,8.0,-0.2857142857,0.21,0.03,4.0000000002,0.9999999999000001,16.01028912,16.01028912,2.500000290193035,0.4272779911376968,0.28973562726386726
w8_gz7_k21_a4,22,8.0,-0.2857142857,0.21,0.03,4.0000000002,0.9999999999000001,15.99528912,15.99528912,1.5000002901431153,0.7177805532374124,0.13466735009706784
w8_gz7_k21_a4,22,8.0,-0.2857142857,0.21,0.03,4.0000000002,0.9999999999000001,15.96078912,15.96078912,-0.7999997099719718,0.22286856733965704,0.1894164024684321
w8_gz7_k21_a4,22,8.0,-0.2857142857,0.21,0.03,4.0000000002,0.9999999999000001,15.98178912,15.98178912,0.6000002900980812,0.9370554778383919,0.028102869747245372
w8_gz7_k21_a4,22,8.0,-0.2857142857,0.21,0.03,4.0000000002,0.9999999999000001,16.06278912,16.06278912,6.000000290368167,0.2844874965634878,0.2988510481506923
w8_gz7_k21_a4,22,8.0,-0.2857142857,0.21,0.03,4.0000000002,0.9999999999000001,15.88278912,15.88278912,-5.999999710231932,0.16705481297389735,0.3624340142729568
w8_gz7_k21_a4,22,8.0,-0.2857142857,0.21,0.03,4.0000000002,0.9999999999000001,16.03278912,16.03278912,4.000000290268091,0.29554385930831933,0.29204489375020615
