omega_p [2pi GHz], P_c fixed polaron code D(gz/w)|+-2i> (steady state, t=nT_p, N=22)
1.195500000000000007e+01,1.276501038147695444e-01
1.195749999999999957e+01,1.265170856400362753e-01
1.196000000000000085e+01,1.314345881328706223e-01
1.196250000000000036e+01,1.468214161379574056e-01
1.196499999999999986e+01,1.756141661244364216e-01
1.196749999999999936e+01,3.583399475838390247e-01
1.197000000000000064e+01,7.174375940694692755e-01
1.197250000000000014e+01,8.894826006720271128e-01
1.197499999999999964e+01,9.625227895547590062e-01
1.197749999999999915e+01,9.916195650240257065e-01
1.198000000000000043e+01,9.987253469442400888e-01
1.198249999999999993e+01,9.930084427565637473e-01
1.198499999999999943e+01,9.788128331513472613e-01
1.198750000000000071e+01,9.585734696850285452e-01
1.199000000000000021e+01,9.338503858794331425e-01
1.199249999999999972e+01,9.059292793936692956e-01
1.199499999999999922e+01,8.761033848897903376e-01
1.199750000000000050e+01,8.453955681919844700e-01
1.200000000000000000e+01,8.139531576635008481e-01
1.200249999999999950e+01,7.802755245746124668e-01
1.200500000000000078e+01,7.402758876306717584e-01
1.200750000000000028e+01,6.878649302700249324e-01
1.200999999999999979e+01,6.212025215956371582e-01
1.201249999999999929e+01,5.481202388318449081e-01
1.201500000000000057e+01,4.761642116676229053e-01
