kappa_2/kappa, Delta dynamic from |0>|g> [kappa], Delta dynamic from |1.3 alpha>|g> [kappa], Delta spectral (C9 edge<0.5) [kappa], Delta/kappa_2, kappa_2^eff/kappa_2 = Delta/(c kappa_2)
1.000000000000000021e-03,4.070070531321303212e-03,6.419728149881609273e-03,4.072054714081571949e-03,4.070070531321302809e+00,9.826099897541059613e-01
1.373819999999999989e-03,5.555020276893938257e-03,8.878290882274680884e-03,5.556835426851863304e-03,4.043484791962511871e+00,9.761915719704548078e-01
1.887390000000000075e-03,7.561409474315150363e-03,1.276539026925978086e-02,7.563918072061626835e-03,4.006278233070616146e+00,9.672090405449654815e-01
2.592940000000000175e-03,1.025753424909293769e-02,1.576650064355383449e-02,1.026019975171867105e-02,3.955947399127221153e+00,9.550580029044999364e-01
3.562249999999999878e-03,1.384688743793796410e-02,2.005840900171692448e-02,1.385133246787410670e-02,3.887118376851137480e+00,9.384410709980320897e-01
4.893899999999999639e-03,1.857325400131876192e-02,2.914932837640918720e-02,1.857743937481368471e-02,3.795184617854627795e+00,9.162461165640874983e-01
6.723360000000000274e-03,2.469072288135582341e-02,3.691272784612420477e-02,2.469573260530035300e-02,3.672378525224861079e+00,8.865978604731783452e-01
9.236710000000000406e-03,3.243566070674818586e-02,4.781621285097224783e-02,3.244092554918018984e-02,3.511603233916425371e+00,8.477829539182274443e-01
1.000000000000000021e-02,3.464892488466066872e-02,4.749363452056957341e-02,3.465171516259675510e-02,3.464892488466067011e+00,8.365058901044258866e-01
1.268960000000000053e-02,4.195400360893680736e-02,5.770359369649236125e-02,4.195979511249867816e-02,3.306172267757597094e+00,7.981871255415209365e-01
1.743329999999999880e-02,5.322789505656232156e-02,7.034362966768611947e-02,5.323212654048187220e-02,3.053231175770641403e+00,7.371212442765571193e-01
2.395030000000000076e-02,6.601600823265266205e-02,8.193886160572136368e-02,6.602211169821237124e-02,2.756375002929093210e+00,6.654532378600732656e-01
3.290339999999999931e-02,7.992367999256727584e-02,9.497723454036670343e-02,7.992619383485771722e-02,2.429040159757571704e+00,5.864269692930483835e-01
4.520350000000000062e-02,9.453102667439924889e-02,1.067070125028232175e-01,9.453993655268735918e-02,2.091232463733986080e+00,5.048723096933694920e-01
6.210170000000000273e-02,1.096545140843862287e-01,1.183561762431307174e-01,1.096647924828134113e-01,1.765724836588792535e+00,4.262871737079773071e-01
8.531679999999999819e-02,1.253999800237660112e-01,1.301284752627346886e-01,1.254308777808897934e-01,1.469815792713346170e+00,3.548478263224648654e-01
1.172099999999999947e-01,1.422118632959621931e-01,1.438556548925224721e-01,1.422625659749375826e-01,1.213308278269449758e+00,2.929209274640944827e-01
1.610260000000000025e-01,1.605725903347952066e-01,1.608257978857245696e-01,1.606672435943921340e-01,9.971842456174481173e-01,2.407435433437123684e-01
2.212220000000000020e-01,1.806472352831323680e-01,1.801661576822247979e-01,1.807952348891821437e-01,8.165880214586811459e-01,1.971434011337278025e-01
3.039200000000000235e-01,2.015087467687024236e-01,2.011115799720914199e-01,2.018129386867882624e-01,6.630322017922558597e-01,1.600714434789482499e-01
4.175320000000000142e-01,2.210505492966197694e-01,2.209177103249835850e-01,2.172087852201530223e-01,5.294218150863161387e-01,1.278147787106488353e-01
5.736149999999999860e-01,2.373603805128015054e-01,2.373482923174796977e-01,2.157516812984257293e-01,4.137973736962972104e-01,9.990034079237340714e-02
7.880460000000000242e-01,2.492809299267262912e-01,2.498072552027840176e-01,2.146774742761772825e-01,3.163278919336260375e-01,7.636893372236763788e-02
1.082640000000000047e+00,2.587359074716371055e-01,2.592173832882815887e-01,2.138768276574458671e-01,2.389860964601687454e-01,5.769681974475887598e-02
1.487349999999999950e+00,2.651297851673238837e-01,2.652144800685743986e-01,2.132838861412956200e-01,1.782564864808712790e-01,4.303527494343180326e-02
2.043359999999999843e+00,2.696010234626565749e-01,2.696992546116357969e-01,2.128474785540517000e-01,1.319400514166160499e-01,3.185340685694439816e-02
2.807220000000000049e+00,2.730075865675012925e-01,2.724962085105981369e-01,2.125283434592561416e-01,9.725193841861388966e-02,2.347888703099659108e-02
3.856619999999999937e+00,2.744514596045583010e-01,2.751301023391097833e-01,2.122968230151792146e-01,7.116372875848755997e-02,1.718058452504032593e-02
5.298320000000000363e+00,2.757650215563210438e-01,2.769917967469354703e-01,2.121308850953342040e-01,5.204763426073189675e-02,1.256551329371198220e-02
7.278950000000000031e+00,2.766410718152575998e-01,2.776577263007429797e-01,2.120144761807493394e-01,3.800562880844868957e-02,9.175445547363665633e-03
1.000000000000000000e+01,2.784325091286737330e-01,2.798362831387225524e-01,2.119362020907174238e-01,2.784325091286737192e-02,6.722010413252420616e-03
