filter(1)/flat(0), kappa_2/kappa, G/kappa, c_bf = median((gamma_bf-gamma_bf0)/n_q) [kappa], half-IQR, local exponent p in n_q, gamma_bf0 (T->0 floor) [kappa], n points (n_q in [1e-5,1e-2])
1.000000000000000000e+00,2.000000000000000042e-02,7.071067811865475172e-02,2.622780735110984791e-04,5.726247729245434719e-06,1.017694891722154660e+00,1.740224264874447310e-09,1.100000000000000000e+01
1.000000000000000000e+00,2.518310209153145143e-02,7.934592316485367114e-02,4.003100517529410382e-04,9.189706008272294051e-06,1.018484596724998248e+00,2.258395874386933337e-09,1.100000000000000000e+01
1.000000000000000000e+00,3.170943154762480287e-02,8.903571130117510224e-02,6.291114272944286958e-04,1.466175055217663024e-05,1.018720153461155409e+00,2.945629134295450841e-09,1.100000000000000000e+01
1.000000000000000000e+00,3.992709259641317315e-02,9.990882418036603485e-02,1.010017402113983593e-03,2.326578162024201500e-05,1.018421319453378882e+00,3.846543330936953252e-09,1.100000000000000000e+01
1.000000000000000000e+00,5.027440245367514188e-02,1.121097703744806801e-01,1.644939283185756522e-03,3.666786060876284919e-05,1.017681467611265989e+00,4.989173837237709952e-09,1.100000000000000000e+01
1.000000000000000000e+00,6.330327047908201887e-02,1.258007059589512089e-01,2.695786987709932869e-03,5.690699345396689132e-05,1.016659996607576444e+00,6.336682170100212962e-09,1.100000000000000000e+01
1.000000000000000000e+00,7.970863616012756336e-02,1.411635896399347501e-01,4.410232217904411570e-03,8.730117256169293155e-05,1.015559430241389949e+00,7.712467459873260007e-09,1.100000000000000000e+01
1.000000000000000000e+00,1.003655360998614021e-01,1.584026010675498586e-01,7.151438127241075728e-03,1.334381611313995020e-04,1.014600768661342522e+00,8.763767930435818204e-09,1.100000000000000000e+01
1.000000000000000000e+00,1.263757771037047895e-01,1.777468544754764457e-01,1.142777792141162936e-02,2.057108164945061282e-04,1.014007020710327112e+00,9.090336153041901566e-09,1.100000000000000000e+01
1.000000000000000000e+00,1.591267048349610247e-01,1.994534437124118875e-01,1.791510573173329610e-02,3.240944484623736049e-04,1.014004284869499450e+00,8.525450626381484634e-09,1.100000000000000000e+01
1.000000000000000000e+00,2.003652026673907738e-01,2.238108591352253596e-01,2.745906366617161670e-02,5.260583677688841775e-04,1.014869515678080258e+00,7.278287888759671632e-09,1.100000000000000000e+01
1.000000000000000000e+00,2.500000000000000000e-01,2.500000000000000000e-01,4.041098072149883202e-02,8.604594939589059466e-04,1.017060164839947767e+00,5.821676316637260843e-09,1.100000000000000000e+01
1.000000000000000000e+00,2.522908677181645576e-01,2.511428217758595038e-01,4.103790948893574347e-02,8.784917603668930541e-04,1.017199202901716948e+00,5.761422004814938069e-09,1.100000000000000000e+01
1.000000000000000000e+00,3.176733339253797195e-01,2.818125857397872358e-01,5.965935562747653326e-02,1.496133343573562147e-03,1.023181597396630504e+00,4.327765778113645277e-09,1.100000000000000000e+01
1.000000000000000000e+00,4.000000000000000222e-01,3.162277660168379412e-01,8.416510757716823277e-02,2.579459066296856118e-03,1.024277318139175108e+00,3.157555725494418554e-09,1.100000000000000000e+01
0.000000000000000000e+00,2.000000000000000042e-02,7.071067811865475172e-02,2.759992113888906835e-04,2.174753717559281931e-06,1.006072307023583079e+00,2.417951419511500246e-09,1.100000000000000000e+01
0.000000000000000000e+00,2.518310209153145143e-02,7.934592316485367114e-02,4.220538850005550236e-04,3.111557040097999178e-06,1.005824946643779638e+00,3.208238015438637361e-09,1.100000000000000000e+01
0.000000000000000000e+00,3.170943154762480287e-02,8.903571130117510224e-02,6.588904200282802524e-04,4.306463774494213512e-06,1.005236785502966246e+00,4.332362008334239997e-09,1.100000000000000000e+01
0.000000000000000000e+00,3.992709259641317315e-02,9.990882418036603485e-02,1.043806204056318271e-03,5.726748323179849456e-06,1.004420566514843127e+00,5.978848370867335542e-09,1.100000000000000000e+01
0.000000000000000000e+00,5.027440245367514188e-02,1.121097703744806801e-01,1.665660490419068000e-03,7.252732877836452416e-06,1.003499861959034511e+00,8.469567879645988836e-09,1.100000000000000000e+01
0.000000000000000000e+00,6.330327047908201887e-02,1.258007059589512089e-01,2.656906321159667114e-03,8.663273544414450134e-06,1.002588595576749064e+00,1.236361231253198106e-08,1.100000000000000000e+01
0.000000000000000000e+00,7.970863616012756336e-02,1.411635896399347501e-01,4.206535091792793814e-03,9.672844773928393480e-06,1.001775566083393798e+00,1.864343112641119903e-08,1.100000000000000000e+01
0.000000000000000000e+00,1.003655360998614021e-01,1.584026010675498586e-01,6.573810446175378137e-03,1.079643819693358250e-05,1.001117699098511116e+00,2.904528792059062696e-08,1.100000000000000000e+01
0.000000000000000000e+00,1.263757771037047895e-01,1.777468544754764457e-01,1.009499014009875364e-02,1.274572011948030964e-05,1.000640715147359971e+00,4.662831763987782911e-08,1.100000000000000000e+01
0.000000000000000000e+00,1.591267048349610247e-01,1.994534437124118875e-01,1.518068937412889695e-02,1.575267995021327472e-05,1.000344087742874866e+00,7.669912773095951094e-08,1.100000000000000000e+01
0.000000000000000000e+00,2.003652026673907738e-01,2.238108591352253596e-01,2.232505672402246288e-02,2.070969969981267811e-05,1.000207640543275600e+00,1.282108489621777461e-07,1.100000000000000000e+01
0.000000000000000000e+00,2.500000000000000000e-01,2.500000000000000000e-01,3.165018300858063460e-02,2.815949564079905931e-05,1.000196606923795750e+00,2.113656477103344075e-07,1.100000000000000000e+01
0.000000000000000000e+00,2.522908677181645576e-01,2.511428217758595038e-01,3.209431443521882504e-02,2.854043989846538620e-05,1.000198155860500870e+00,2.157694056592002328e-07,1.100000000000000000e+01
0.000000000000000000e+00,3.176733339253797195e-01,2.818125857397872358e-01,4.510580676138183781e-02,4.056844567947373581e-05,1.000275151815264607e+00,3.624580612629877276e-07,1.100000000000000000e+01
0.000000000000000000e+00,4.000000000000000222e-01,3.162277660168379412e-01,6.200890114880137916e-02,5.820258245611831249e-05,1.000395476072226453e+00,6.038169082636018116e-07,1.100000000000000000e+01
