filter(1)/flat(0), parameter (0: g_z/kappa at kappa_2/kappa=0.25; 1: kappa_2/kappa at g_z/kappa=14), value, x*(eta=100), x*(eta=220)  [gamma/kappa=2e-5, N=22]
1.000000000000000000e+00,0.000000000000000000e+00,1.000000000000000000e+01,1.040886152067917614e+01,1.120395477939618978e+01
1.000000000000000000e+00,0.000000000000000000e+00,1.112531476096486749e+01,1.028141823732377524e+01,1.107843074355580271e+01
1.000000000000000000e+00,0.000000000000000000e+00,1.237726285305428320e+01,1.018757149727578692e+01,1.098630840616185012e+01
1.000000000000000000e+00,0.000000000000000000e+00,1.377009451194269474e+01,1.012108079370714364e+01,1.091914002242800308e+01
1.000000000000000000e+00,0.000000000000000000e+00,1.400000000000000000e+01,1.011279305740976042e+01,1.091052533761128984e+01
1.000000000000000000e+00,0.000000000000000000e+00,1.531966357335973861e+01,1.007487317814664607e+01,1.087249589309112530e+01
1.000000000000000000e+00,0.000000000000000000e+00,1.704360792857149676e+01,1.004249718501835531e+01,1.084345288272944963e+01
1.000000000000000000e+00,0.000000000000000000e+00,1.896155028678343157e+01,1.002233707185757261e+01,1.082748795771977157e+01
1.000000000000000000e+00,0.000000000000000000e+00,2.109532152963293328e+01,1.001082296319639298e+01,1.082112266493812314e+01
1.000000000000000000e+00,0.000000000000000000e+00,2.346920920009252498e+01,1.000527221407807588e+01,1.082155712000693093e+01
1.000000000000000000e+00,0.000000000000000000e+00,2.611023395419620030e+01,1.000361327322046456e+01,1.082635933473675571e+01
1.000000000000000000e+00,0.000000000000000000e+00,2.904845712228650711e+01,1.000422590069730511e+01,1.083338111681989524e+01
1.000000000000000000e+00,0.000000000000000000e+00,3.231732288058292824e+01,1.000590202788807304e+01,1.084089054391478690e+01
1.000000000000000000e+00,0.000000000000000000e+00,3.595403892782169208e+01,1.000784362025260421e+01,1.084773536543481498e+01
1.000000000000000000e+00,0.000000000000000000e+00,4.000000000000000000e+01,1.000961644978289300e+01,1.085335987348282849e+01
1.000000000000000000e+00,1.000000000000000000e+00,2.000000000000000042e-02,5.027885632092262469e+00,5.805623275526862415e+00
1.000000000000000000e+00,1.000000000000000000e+00,2.518310209153145143e-02,5.444499597577733496e+00,6.236388413308698198e+00
1.000000000000000000e+00,1.000000000000000000e+00,3.170943154762480287e-02,5.894611659744076526e+00,6.697427463021656813e+00
1.000000000000000000e+00,1.000000000000000000e+00,3.992709259641317315e-02,6.371755445129400286e+00,7.178152434673027216e+00
1.000000000000000000e+00,1.000000000000000000e+00,5.027440245367514188e-02,6.867183093621929579e+00,7.672631032507108984e+00
1.000000000000000000e+00,1.000000000000000000e+00,6.330327047908201887e-02,7.371659970221734248e+00,8.175110851360392061e+00
1.000000000000000000e+00,1.000000000000000000e+00,7.970863616012756336e-02,7.877144653767163440e+00,8.678821040767418893e+00
1.000000000000000000e+00,1.000000000000000000e+00,1.003655360998614021e-01,8.363381412679409266e+00,9.169952527313606438e+00
1.000000000000000000e+00,1.000000000000000000e+00,1.263757771037047895e-01,8.836758326194090074e+00,9.640068452072940275e+00
1.000000000000000000e+00,1.000000000000000000e+00,1.591267048349610247e-01,9.297207827312329087e+00,1.009902141171957801e+01
1.000000000000000000e+00,1.000000000000000000e+00,2.003652026673907738e-01,9.718890488751803503e+00,1.051868573798743256e+01
1.000000000000000000e+00,1.000000000000000000e+00,2.500000000000000000e-01,1.011279305740976042e+01,1.091052533761128984e+01
1.000000000000000000e+00,1.000000000000000000e+00,2.522908677181645576e-01,1.012762576160712946e+01,1.092640798208954322e+01
1.000000000000000000e+00,1.000000000000000000e+00,3.176733339253797195e-01,1.049395100628709621e+01,1.129082204796154798e+01
1.000000000000000000e+00,1.000000000000000000e+00,4.000000000000000222e-01,1.084136794798694403e+01,1.163310813851664349e+01
0.000000000000000000e+00,0.000000000000000000e+00,1.000000000000000000e+01,7.903867867927936608e+00,8.729710444677174053e+00
0.000000000000000000e+00,0.000000000000000000e+00,1.112531476096486749e+01,7.968225747826909178e+00,8.792086257618581868e+00
0.000000000000000000e+00,0.000000000000000000e+00,1.237726285305428320e+01,8.059799696714696537e+00,8.882738285555797475e+00
0.000000000000000000e+00,0.000000000000000000e+00,1.377009451194269474e+01,8.172304869075595946e+00,8.994865076632649448e+00
0.000000000000000000e+00,0.000000000000000000e+00,1.400000000000000000e+01,8.191232527224634907e+00,9.013759554060067458e+00
0.000000000000000000e+00,0.000000000000000000e+00,1.531966357335973861e+01,8.299333435700573247e+00,9.121737509305081204e+00
0.000000000000000000e+00,0.000000000000000000e+00,1.704360792857149676e+01,8.435080249859817414e+00,9.257385789993247016e+00
0.000000000000000000e+00,0.000000000000000000e+00,1.896155028678343157e+01,8.572979115620864121e+00,9.391563163063667119e+00
0.000000000000000000e+00,0.000000000000000000e+00,2.109532152963293328e+01,8.702610679483504086e+00,9.522867253225804518e+00
0.000000000000000000e+00,0.000000000000000000e+00,2.346920920009252498e+01,8.828278576174145797e+00,9.649644046739419778e+00
0.000000000000000000e+00,0.000000000000000000e+00,2.611023395419620030e+01,8.947732569315428819e+00,9.769714865287088656e+00
0.000000000000000000e+00,0.000000000000000000e+00,2.904845712228650711e+01,9.059300109173845428e+00,9.881482099382937534e+00
0.000000000000000000e+00,0.000000000000000000e+00,3.231732288058292824e+01,9.161837359983920237e+00,9.983886716244260384e+00
0.000000000000000000e+00,0.000000000000000000e+00,3.595403892782169208e+01,9.254679466145084632e+00,1.007635369726522612e+01
0.000000000000000000e+00,0.000000000000000000e+00,4.000000000000000000e+01,9.334144124193997527e+00,1.015549355911002927e+01
0.000000000000000000e+00,1.000000000000000000e+00,2.000000000000000042e-02,4.744117894803925317e+00,5.545660308923746840e+00
0.000000000000000000e+00,1.000000000000000000e+00,2.518310209153145143e-02,5.110003242255253930e+00,5.914610826663698973e+00
0.000000000000000000e+00,1.000000000000000000e+00,3.170943154762480287e-02,5.487973680508228647e+00,6.295227523762642718e+00
0.000000000000000000e+00,1.000000000000000000e+00,3.992709259641317315e-02,5.870111635124088068e+00,6.681502828950532269e+00
0.000000000000000000e+00,1.000000000000000000e+00,5.027440245367514188e-02,6.248562372125675779e+00,7.052017323265598492e+00
0.000000000000000000e+00,1.000000000000000000e+00,6.330327047908201887e-02,6.612025335092657663e+00,7.413195829152867233e+00
0.000000000000000000e+00,1.000000000000000000e+00,7.970863616012756336e-02,6.948426656837250803e+00,7.753598531455718756e+00
0.000000000000000000e+00,1.000000000000000000e+00,1.003655360998614021e-01,7.266291909853218378e+00,8.064968556831393798e+00
0.000000000000000000e+00,1.000000000000000000e+00,1.263757771037047895e-01,7.542733151791606971e+00,8.348423825348064042e+00
0.000000000000000000e+00,1.000000000000000000e+00,1.591267048349610247e-01,7.796149889081311457e+00,8.604888714008962936e+00
0.000000000000000000e+00,1.000000000000000000e+00,2.003652026673907738e-01,8.012592671510677889e+00,8.824970817661988320e+00
0.000000000000000000e+00,1.000000000000000000e+00,2.500000000000000000e-01,8.191232527224634907e+00,9.013759554060067458e+00
0.000000000000000000e+00,1.000000000000000000e+00,2.522908677181645576e-01,8.198087635917836735e+00,9.021071430407126002e+00
0.000000000000000000e+00,1.000000000000000000e+00,3.176733339253797195e-01,8.358074725585140641e+00,9.193863434157611536e+00
0.000000000000000000e+00,1.000000000000000000e+00,4.000000000000000222e-01,8.493344626147264265e+00,9.344511516687177277e+00
