filter(1)/flat(0), gamma/kappa, x=hf_q/kT, n_q, N, gamma_pf/kappa, gamma_bf/kappa, eta(N=22), eta(N=24), |rel diff|, not_converged(>3%), hot(n_q>0.3), P_c, ||rho-rho^dag|| before hermitizing, |Tr-1|, min eig
1.000000000000000000e+00,2.000000000000000164e-05,1.000000000000000000e+00,5.819767068693264545e-01,2.200000000000000000e+01,6.909188586931282140e-04,2.728949677263071277e-02,2.531812383532360336e-02,2.607217253357904663e-02,2.978296113724674191e-02,0.000000000000000000e+00,1.000000000000000000e+00,4.850167565915975976e-01,4.658017565710206297e-15,0.000000000000000000e+00,2.059430840812946848e-05
1.000000000000000000e+00,2.000000000000000164e-05,1.086036985498977980e+00,5.095514640624911884e-01,2.200000000000000000e+01,6.269108302337036715e-04,2.622910069499938962e-02,2.390134673405806126e-02,2.387762695775545729e-02,9.924033388798395462e-04,0.000000000000000000e+00,1.000000000000000000e+00,5.142165900764527064e-01,6.865056575419331633e-16,1.110223024625156540e-16,1.150760078788075179e-05
1.000000000000000000e+00,2.000000000000000164e-05,1.179476333871707361e+00,4.439175747565593522e-01,2.200000000000000000e+01,5.713078737382326546e-04,2.382435419713909222e-02,2.397999412747302272e-02,2.396250846584465494e-02,7.291770604870619890e-04,0.000000000000000000e+00,1.000000000000000000e+00,5.450293617815114011e-01,1.526117207827522768e-15,1.110223024625156540e-16,6.185308181752674134e-06
1.000000000000000000e+00,2.000000000000000164e-05,1.280954922105415283e+00,3.846041605767157590e-01,2.200000000000000000e+01,5.229791752503809609e-04,2.132426424140306323e-02,2.452507478475940764e-02,2.451265675477622141e-02,5.063401474683024150e-04,0.000000000000000000e+00,1.000000000000000000e+00,5.774087069727272814e-01,1.983968618053888059e-14,0.000000000000000000e+00,3.201151963899406551e-06
1.000000000000000000e+00,2.000000000000000164e-05,1.391164422163443604e+00,3.311776147533372905e-01,2.200000000000000000e+01,4.808812592762585635e-04,1.879461543223347533e-02,2.558611858860006597e-02,2.557762720359250952e-02,3.318746834597958799e-04,0.000000000000000000e+00,1.000000000000000000e+00,6.112162877628690705e-01,7.531136829480730060e-15,0.000000000000000000e+00,1.598257175691781114e-06
1.000000000000000000e+00,2.000000000000000164e-05,1.510856015379813844e+00,2.832373825342433538e-01,2.200000000000000000e+01,4.440704861000355176e-04,1.630196794805674476e-02,2.724029930097920243e-02,2.723474110368952206e-02,2.040431798589150585e-04,0.000000000000000000e+00,0.000000000000000000e+00,6.461968737437068233e-01,1.158353273997164144e-14,1.110223024625156540e-16,7.720915508726031099e-07
1.000000000000000000e+00,2.000000000000000164e-05,1.640845512466090561e+00,2.404117706145018629e-01,2.200000000000000000e+01,4.117089778810464787e-04,1.390888079329570884e-02,2.960043902881793684e-02,2.959701774072940814e-02,1.155823427212637685e-04,0.000000000000000000e+00,0.000000000000000000e+00,6.819631491334186002e-01,1.940648154036291572e-14,1.110223024625156540e-16,3.623786982520055184e-07
1.000000000000000000e+00,2.000000000000000164e-05,1.782018914028199008e+00,2.023537635122752421e-01,2.200000000000000000e+01,3.830675413362428778e-04,1.166960066817844185e-02,3.282610538515004506e-02,3.282422287162334307e-02,5.734806199560932348e-05,0.000000000000000000e+00,0.000000000000000000e+00,7.179973636266483439e-01,4.723681593874476277e-14,2.220446049250313081e-16,1.661200174928965619e-07
1.000000000000000000e+00,2.000000000000000164e-05,1.935338449493347657e+00,1.687368458426422579e-01,2.200000000000000000e+01,3.575272167291307975e-04,9.626668345990668091e-03,3.713924733659640376e-02,3.713847887659243313e-02,2.069131872829851703e-05,0.000000000000000000e+00,0.000000000000000000e+00,7.536747963885603863e-01,1.722043573769751875e-14,2.220446049250313081e-16,7.484393945950079776e-08
1.000000000000000000e+00,2.000000000000000164e-05,2.101849135608021335e+00,1.392508591572022281e-01,2.200000000000000000e+01,3.345790965810390067e-04,7.808797212034548907e-03,4.284643172259634814e-02,4.284649206900346952e-02,1.408434837983382795e-06,0.000000000000000000e+00,0.000000000000000000e+00,7.883091654636273926e-01,1.585353990706117291e-14,0.000000000000000000e+00,3.336301008679824766e-08
1.000000000000000000e+00,2.000000000000000164e-05,2.282685899209368152e+00,1.135979612768180935e-01,2.200000000000000000e+01,3.138208688619305645e-04,6.230224267595673403e-03,5.037071787193275751e-02,5.037142922274191748e-02,1.412230834129793024e-05,0.000000000000000000e+00,0.000000000000000000e+00,8.212138495194156729e-01,5.052206094508822247e-14,2.220446049250313081e-16,1.480604026851383152e-08
1.000000000000000000e+00,2.000000000000000164e-05,2.479081312818366634e+00,9.148880415339115391e-02,2.200000000000000000e+01,2.949486128581631532e-04,4.891536116050145336e-03,6.029774816348090066e-02,6.029901536277385010e-02,2.101569845550075680e-05,0.000000000000000000e+00,0.000000000000000000e+00,8.517675803632760445e-01,1.334092440227410361e-15,2.220446049250313081e-16,6.571220123775130820e-09
1.000000000000000000e+00,2.000000000000000164e-05,2.692373995780107609e+00,7.263909994026956918e-02,2.200000000000000000e+01,2.777435228868534449e-04,3.781756608771722969e-03,7.344299266711978857e-02,7.344478767587249435e-02,2.444084435450018694e-05,0.000000000000000000e+00,0.000000000000000000e+00,8.794715572193039232e-01,4.434028925402844784e-14,0.000000000000000000e+00,2.921830260737406236e-09
1.000000000000000000e+00,2.000000000000000164e-05,2.924017738212866480e+00,5.676679706733499253e-02,2.200000000000000000e+01,2.620547758505251644e-04,2.881291958172587948e-03,9.095044155703300992e-02,9.095279839904141239e-02,2.591347516355429323e-05,0.000000000000000000e+00,0.000000000000000000e+00,9.039875991226208329e-01,2.889285249371153342e-14,1.110223024625156540e-16,1.299594698018430429e-09
1.000000000000000000e+00,2.000000000000000164e-05,3.175591409954241495e+00,4.359012713574183379e-02,2.200000000000000000e+01,2.477808820752220708e-04,2.165215564512191181e-03,1.144370501193240214e-01,1.144400711917442637e-01,2.639942585982610776e-05,0.000000000000000000e+00,0.000000000000000000e+00,9.251526878379123797e-01,2.067902381524117984e-14,1.110223024625156540e-16,5.756522258205295205e-10
1.000000000000000000e+00,2.000000000000000164e-05,3.448809722043153059e+00,3.282679359516099682e-02,2.200000000000000000e+01,2.348520691474814898e-04,1.606376408382762140e-03,1.461998993025062643e-01,1.462037761498278798e-01,2.651744180475689935e-05,0.000000000000000000e+00,0.000000000000000000e+00,9.429714300509290936e-01,5.172126730455549038e-14,1.110223024625156540e-16,2.523014983648275658e-10
1.000000000000000000e+00,2.000000000000000164e-05,3.745534914087314871e+00,2.419453668110068539e-02,2.200000000000000000e+01,2.232156175024993256e-04,1.177931849613226027e-03,1.894979048030598634e-01,1.895029601209431702e-01,2.667743418356354856e-05,0.000000000000000000e+00,0.000000000000000000e+00,9.575922291160654520e-01,2.245452645386864367e-13,0.000000000000000000e+00,1.086455388675157394e-10
1.000000000000000000e+00,2.000000000000000164e-05,4.067789447176561879e+00,1.741321098547889829e-02,2.200000000000000000e+01,2.128250175846592971e-04,8.550965193812147536e-04,2.488900524804717740e-01,2.488968161729151196e-01,2.717542294654911442e-05,0.000000000000000000e+00,0.000000000000000000e+00,9.692743710687731218e-01,1.535095078917927266e-13,2.220446049250313081e-16,4.566008039134853260e-11
1.000000000000000000e+00,2.000000000000000164e-05,4.417769788856187319e+00,1.220834722442705120e-02,2.200000000000000000e+01,2.036328472901019894e-04,6.160993453205533456e-04,3.305194995527107049e-01,3.305288395568347082e-01,2.825855701900497632e-05,0.000000000000000000e+00,0.000000000000000000e+00,9.783523367620626798e-01,6.598958774264025425e-14,2.220446049250313081e-16,1.862010847559360371e-11
1.000000000000000000e+00,2.000000000000000164e-05,4.797861384117829253e+00,8.315950841774848515e-03,2.200000000000000000e+01,1.955866664688044954e-04,3.803655738828962498e-04,5.142070678799656180e-01,5.142504084526535735e-01,8.428622513230930554e-05,0.000000000000000000e+00,0.000000000000000000e+00,9.852017066286896663e-01,2.219996860725393642e-13,0.000000000000000000e+00,7.332072465803193190e-12
1.000000000000000000e+00,2.000000000000000164e-05,5.210654914449282415e+00,5.488052256319156212e-03,2.200000000000000000e+01,1.886270406506758001e-04,2.390117129472743704e-04,7.891958026855639963e-01,7.892607165280959292e-01,8.225315227353817980e-05,0.000000000000000000e+00,0.000000000000000000e+00,9.902091488847178935e-01,4.931355303984430071e-13,2.220446049250313081e-16,2.775661837513684992e-12
1.000000000000000000e+00,2.000000000000000164e-05,5.658963955763934628e+00,3.498322404986189439e-03,2.200000000000000000e+01,1.826869176414048037e-04,1.477053616484992160e-04,1.236833352577631606e+00,1.236949929237797230e+00,9.425413692367794443e-05,0.000000000000000000e+00,0.000000000000000000e+00,9.937477228246737182e-01,2.091616693160306644e-13,0.000000000000000000e+00,1.005514596191581552e-12
1.000000000000000000e+00,2.000000000000000164e-05,6.145844155565235667e+00,2.146966226470398576e-03,2.200000000000000000e+01,1.776918279951135568e-04,8.877211481836824270e-05,2.001662665789579076e+00,2.001900971535641283e+00,1.190538996081059179e-04,0.000000000000000000e+00,0.000000000000000000e+00,9.961580775800024101e-01,1.971302734714410072e-13,0.000000000000000000e+00,3.466075511719535446e-13
1.000000000000000000e+00,2.000000000000000164e-05,6.674614060056579312e+00,1.264155836366222035e-03,2.200000000000000000e+01,1.735606283002267452e-04,5.154846831047545650e-05,3.366940551072717280e+00,3.367496347909867183e+00,1.650747403225826958e-04,0.000000000000000000e+00,0.000000000000000000e+00,9.977357906660209164e-01,2.804462634365261194e-13,0.000000000000000000e+00,1.128727948675809356e-13
1.000000000000000000e+00,2.000000000000000164e-05,7.248877733152943925e+00,7.114776820060622663e-04,2.200000000000000000e+01,1.702066858001917036e-04,2.875733256764029594e-05,5.918723003945081551e+00,5.920215126213706824e+00,2.521020611423630160e-04,0.000000000000000000e+00,0.000000000000000000e+00,9.987247775143646145e-01,2.278154654149558409e-13,0.000000000000000000e+00,3.441417291932168210e-14
1.000000000000000000e+00,2.000000000000000164e-05,7.872549321564089375e+00,3.812069374901822004e-04,2.200000000000000000e+01,1.675394899351180522e-04,1.532863610640919100e-05,1.092983672990101418e+01,1.093447270719592268e+01,4.241579640641608435e-04,0.000000000000000000e+00,0.000000000000000000e+00,9.993162817341219029e-01,1.377911294816434095e-13,2.220446049250313081e-16,9.727178467117734082e-15
1.000000000000000000e+00,2.000000000000000164e-05,8.549879733383487945e+00,1.936058539432540136e-04,2.200000000000000000e+01,1.654666825835919347e-04,7.765173843589754187e-06,2.130881882576095876e+01,2.132549610391237849e+01,7.826467664767038437e-04,0.000000000000000000e+00,0.000000000000000000e+00,9.996524717064212417e-01,3.458934070419609147e-13,0.000000000000000000e+00,2.529403977579329544e-15
1.000000000000000000e+00,2.000000000000000164e-05,9.285485612022606361e+00,9.276948043881216616e-05,2.200000000000000000e+01,1.638964468168665372e-04,3.718949489897721448e-06,4.407062996205792160e+01,4.413997313665417010e+01,1.573455488518060068e-03,0.000000000000000000e+00,0.000000000000000000e+00,9.998332663276260357e-01,2.470530224733297618e-14,0.000000000000000000e+00,6.047011542824393350e-16
1.000000000000000000e+00,2.000000000000000164e-05,1.008438080297516670e+01,4.172796310317714063e-05,2.200000000000000000e+01,1.627401127983563796e-04,1.675649590527797659e-06,9.712061144424374959e+01,9.745358444938733555e+01,3.428448402373819332e-03,0.000000000000000000e+00,0.000000000000000000e+00,9.999248309055810413e-01,1.360434077192931100e-13,1.110223024625156540e-16,1.343790679747240403e-16
1.000000000000000000e+00,2.000000000000000164e-05,1.095201052788691598e+01,1.752305693677885744e-05,2.200000000000000000e+01,1.619147619517279579e-04,7.075354496401017956e-07,2.288433209022788333e+02,2.306918405556940854e+02,8.077664867503872581e-03,0.000000000000000000e+00,0.000000000000000000e+00,9.999682846625197463e-01,1.228300102531487748e-13,0.000000000000000000e+00,2.873401653959948337e-17
1.000000000000000000e+00,2.000000000000000164e-05,1.189428849885937289e+01,6.829345818720238006e-06,2.200000000000000000e+01,1.613455575789324011e-04,2.797800765134956113e-07,5.766870879068819704e+02,5.885615816669434253e+02,2.059087850078383797e-02,0.000000000000000000e+00,0.000000000000000000e+00,9.999875047161540520e-01,2.836164708214834455e-15,1.110223024625156540e-16,6.255957392397227444e-18
1.000000000000000000e+00,2.000000000000000164e-05,1.291763722595639940e+01,2.454383934036145558e-06,2.200000000000000000e+01,1.609675326936620273e-04,1.046080978372091391e-07,1.538767418791605451e+03,1.626368974492596408e+03,5.692969231814414693e-02,1.000000000000000000e+00,0.000000000000000000e+00,9.999953834073619374e-01,3.784967516891273927e-13,3.330669073875469621e-16,1.490876442979549897e-18
1.000000000000000000e+00,2.000000000000000164e-05,1.402903179264707134e+01,8.077356604081445047e-07,2.200000000000000000e+01,1.607266258660933048e-04,3.853618002874224946e-08,4.170798084974047015e+03,4.884494772760810520e+03,1.711175351206685180e-01,1.000000000000000000e+00,0.000000000000000000e+00,9.999983592505817809e-01,7.918395127603488705e-14,0.000000000000000000e+00,4.372715018206612369e-19
1.000000000000000000e+00,2.000000000000000164e-05,1.523604739755575110e+01,2.415843484302992153e-07,2.200000000000000000e+01,1.605798664753087344e-04,1.572442368047713145e-08,1.021213048810677901e+04,1.590680915514645312e+04,5.576386507861208486e-01,1.000000000000000000e+00,0.000000000000000000e+00,9.999993891798801826e-01,1.925713587799047104e-14,0.000000000000000000e+00,1.540760836351913912e-19
1.000000000000000000e+00,2.000000000000000164e-05,1.654691098656099868e+01,6.512802287567713950e-08,2.200000000000000000e+01,1.604947467340717246e-04,8.555623029933478886e-09,1.875897829679384449e+04,5.483903961667542899e+04,1.923348955846286179e+00,1.000000000000000000e+00,0.000000000000000000e+00,9.999997143564296476e-01,2.088266160391300587e-13,0.000000000000000000e+00,5.626715227784125857e-20
1.000000000000000000e+00,2.000000000000000164e-05,1.797055732716462018e+01,1.568505778088911664e-08,2.200000000000000000e+01,1.604479475483646994e-04,6.512555395746596634e-09,2.463671136726983968e+04,1.815638689772140060e+05,6.369647120127556406e+00,1.000000000000000000e+00,0.000000000000000000e+00,9.999998079015710584e-01,2.780650715201437361e-13,0.000000000000000000e+00,2.114965645819208836e-20
1.000000000000000000e+00,2.000000000000000164e-05,1.951668990733044140e+01,3.342021732377426742e-09,2.200000000000000000e+01,1.604236699402365924e-04,5.983651482936673245e-09,2.681032984586585735e+04,4.521204590381859452e+05,1.586366641654364962e+01,1.000000000000000000e+00,0.000000000000000000e+00,9.999998325884398298e-01,1.998905227391076513e-13,0.000000000000000000e+00,9.518304914644702009e-21
1.000000000000000000e+00,2.000000000000000164e-05,2.119584707387548406e+01,6.233910700729216216e-10,2.200000000000000000e+01,1.604118462289897741e-04,5.857454108698056365e-09,2.738593307812439889e+04,7.016084330485101091e+05,2.461929991748017699e+01,1.000000000000000000e+00,0.000000000000000000e+00,9.999998387118942400e-01,8.342150485497343817e-14,0.000000000000000000e+00,5.955323870671449231e-21
1.000000000000000000e+00,2.000000000000000164e-05,2.301947386120905392e+01,1.006397445627200447e-10,2.200000000000000000e+01,1.604064692413947728e-04,5.828538962306944416e-09,2.752087105855180926e+04,8.031547089723600075e+05,2.818347705142088699e+01,1.000000000000000000e+00,0.000000000000000000e+00,9.999998402180674262e-01,7.507815512711180004e-14,0.000000000000000000e+00,5.024275944474380455e-21
1.000000000000000000e+00,2.000000000000000164e-05,2.500000000000000000e+01,1.388794386515689454e-11,2.200000000000000000e+01,1.604041992257457412e-04,5.821676316637260843e-09,2.755292299012581134e+04,8.317209910971748177e+05,2.918630696261300628e+01,1.000000000000000000e+00,0.000000000000000000e+00,9.999998406139393170e-01,1.337492337831670371e-13,4.440892098500626162e-16,4.635057023608720467e-21
1.000000000000000000e+00,2.000000000000000096e-04,1.000000000000000000e+00,5.819767068693264545e-01,2.200000000000000000e+01,6.730809181884097984e-03,3.139884075289512549e-02,2.143648943874937318e-01,2.142573545170541882e-01,5.016673590459762386e-04,0.000000000000000000e+00,1.000000000000000000e+00,4.848426113818207761e-01,6.762600829899479525e-16,0.000000000000000000e+00,2.143525723382646081e-05
1.000000000000000000e+00,2.000000000000000096e-04,1.086036985498977980e+00,5.095514640624911884e-01,2.200000000000000000e+01,6.150211048534596527e-03,2.894876108174111382e-02,2.124516151543952014e-01,2.123593713363755020e-01,4.341874169921604689e-04,0.000000000000000000e+00,1.000000000000000000e+00,5.140474508141977816e-01,1.149614758463597826e-15,0.000000000000000000e+00,1.197448412331527962e-05
1.000000000000000000e+00,2.000000000000000096e-04,1.179476333871707361e+00,4.439175747565593522e-01,2.200000000000000000e+01,5.633190373329815571e-03,2.635846121171454837e-02,2.137146902500607348e-01,2.136392249227521412e-01,3.531124941401740268e-04,0.000000000000000000e+00,1.000000000000000000e+00,5.448643997017569296e-01,9.615072002385302678e-16,1.110223024625156540e-16,6.429334884613069234e-06
1.000000000000000000e+00,2.000000000000000096e-04,1.280954922105415283e+00,3.846041605767157590e-01,2.200000000000000000e+01,5.175133136236307121e-03,2.339294130155225929e-02,2.212262694769770721e-01,2.211843607708451065e-01,1.894381993198463517e-04,0.000000000000000000e+00,1.000000000000000000e+00,5.772473366346282386e-01,1.275352827255655847e-15,2.220446049250313081e-16,3.321445218188966272e-06
1.000000000000000000e+00,2.000000000000000096e-04,1.391164422163443604e+00,3.311776147533372905e-01,2.200000000000000000e+01,4.770412010507360523e-03,2.025423128034019998e-02,2.355266879537298574e-01,2.354893712377845727e-01,1.584394374560888690e-04,0.000000000000000000e+00,1.000000000000000000e+00,6.110584260059397366e-01,3.319704453082818199e-15,0.000000000000000000e+00,1.654345271476788690e-06
1.000000000000000000e+00,2.000000000000000096e-04,1.510856015379813844e+00,2.832373825342433538e-01,2.200000000000000000e+01,4.412863336389311747e-03,1.738572864891483813e-02,2.538210175427274007e-01,2.537954863873212452e-01,1.005872392023550172e-04,0.000000000000000000e+00,0.000000000000000000e+00,6.460430314307886723e-01,1.524641288948290271e-15,1.110223024625156540e-16,7.969284836115074219e-07
1.000000000000000000e+00,2.000000000000000096e-04,1.640845512466090561e+00,2.404117706145018629e-01,2.200000000000000000e+01,4.096237945734956462e-03,1.470795837196198393e-02,2.785048639751170341e-01,2.784899100452025156e-01,5.369360412985300495e-05,0.000000000000000000e+00,0.000000000000000000e+00,6.818143648505278209e-01,6.212524498758087009e-15,2.220446049250313081e-16,3.728804109985975217e-07
1.000000000000000000e+00,2.000000000000000096e-04,1.782018914028199008e+00,2.023537635122752421e-01,2.200000000000000000e+01,3.814576209802478420e-03,1.224480670711954912e-02,3.115260453711003463e-01,3.115199215462152171e-01,1.965750529087956385e-05,0.000000000000000000e+00,0.000000000000000000e+00,7.178550229354347945e-01,1.962784355047200626e-15,1.110223024625156540e-16,1.703882981375665143e-07
1.000000000000000000e+00,2.000000000000000096e-04,1.935338449493347657e+00,1.687368458426422579e-01,2.200000000000000000e+01,3.562500682180556530e-03,1.002460314097866796e-02,3.553757322938533303e-01,3.553768477848435192e-01,3.138905920752488834e-06,0.000000000000000000e+00,0.000000000000000000e+00,7.535403949286012537e-01,1.517959337516839852e-15,1.110223024625156540e-16,7.652432323455553096e-08
1.000000000000000000e+00,2.000000000000000096e-04,2.101849135608021335e+00,1.392508591572022281e-01,2.200000000000000000e+01,3.335410912836264067e-03,8.067246674546153448e-03,4.134509638040673174e-01,4.134581294539848573e-01,1.733131748348189777e-05,0.000000000000000000e+00,0.000000000000000000e+00,7.881840738694928516e-01,4.013266698174235506e-15,2.220446049250313081e-16,3.400893094067688105e-08
1.000000000000000000e+00,2.000000000000000096e-04,2.282685899209368152e+00,1.135979612768180935e-01,2.200000000000000000e+01,3.129579840661489160e-03,6.380571420467709073e-03,4.904858255519823906e-01,4.904982933285890745e-01,2.541923936874808442e-05,0.000000000000000000e+00,0.000000000000000000e+00,8.210991273683427849e-01,3.175830927340293144e-15,2.220446049250313081e-16,1.505016786332590333e-08
1.000000000000000000e+00,2.000000000000000096e-04,2.479081312818366634e+00,9.148880415339115391e-02,2.200000000000000000e+01,2.942152753754068671e-03,4.960001706974409910e-03,5.931757542778700598e-01,5.931933464066485584e-01,2.965753177136374344e-05,0.000000000000000000e+00,0.000000000000000000e+00,8.516638679800834222e-01,4.577681578406207099e-15,2.220446049250313081e-16,6.662380117420595686e-09
1.000000000000000000e+00,2.000000000000000096e-04,2.692373995780107609e+00,7.263909994026956918e-02,2.200000000000000000e+01,2.771063269756751483e-03,3.790092284891516741e-03,7.311334557216638830e-01,7.311564901990642573e-01,3.150516122619256371e-05,0.000000000000000000e+00,0.000000000000000000e+00,8.793790517763013792e-01,3.864794568200214830e-15,2.220446049250313081e-16,2.955522335606657472e-09
1.000000000000000000e+00,2.000000000000000096e-04,2.924017738212866480e+00,5.676679706733499253e-02,2.200000000000000000e+01,2.614887760628917257e-03,2.847217366184168034e-03,9.184011700987135818e-01,9.184306788969068824e-01,3.213061911727412961e-05,0.000000000000000000e+00,0.000000000000000000e+00,9.039061009611922826e-01,6.064617828753445076e-15,2.220446049250313081e-16,1.311899436346589916e-09
1.000000000000000000e+00,2.000000000000000096e-04,3.175591409954241495e+00,4.359012713574183379e-02,2.200000000000000000e+01,2.472673428704089908e-03,2.102767088134715849e-03,1.175914081334373362e+00,1.175952003115374733e+00,3.224876851405598233e-05,0.000000000000000000e+00,0.000000000000000000e+00,9.250816901579405060e-01,8.830811055670943774e-15,2.220446049250313081e-16,5.800675046158390165e-10
1.000000000000000000e+00,2.000000000000000096e-04,3.448809722043153059e+00,3.282679359516099682e-02,2.200000000000000000e+01,2.343769469202376492e-03,1.526265807869289434e-03,1.535623386908172572e+00,1.535673134555182173e+00,3.239573415833647721e-05,0.000000000000000000e+00,0.000000000000000000e+00,9.429102226067034298e-01,1.433621243991191446e-15,0.000000000000000000e+00,2.538453374801669177e-10
1.000000000000000000e+00,2.000000000000000096e-04,3.745534914087314871e+00,2.419453668110068539e-02,2.200000000000000000e+01,2.227684217771903116e-03,1.087959738516273847e-03,2.047579647395730618e+00,2.047647217121923990e+00,3.299980358728078376e-05,0.000000000000000000e+00,0.000000000000000000e+00,9.575399925331842255e-01,3.141070048684936577e-14,3.330669073875469621e-16,1.091654923896443499e-10
1.000000000000000000e+00,2.000000000000000096e-04,4.067789447176561879e+00,1.741321098547889829e-02,2.200000000000000000e+01,2.123979880274864951e-03,7.606231281719123046e-04,2.792420847601170486e+00,2.792516989077584721e+00,3.442943655746796936e-05,0.000000000000000000e+00,0.000000000000000000e+00,9.692302484942850738e-01,4.106274057608220695e-15,0.000000000000000000e+00,4.582498756790428074e-11
1.000000000000000000e+00,2.000000000000000096e-04,4.417769788856187319e+00,1.220834722442705120e-02,2.200000000000000000e+01,2.032202681638286927e-03,5.205458862059025773e-04,3.903983751462107410e+00,3.904129036075168369e+00,3.721445126572238079e-05,0.000000000000000000e+00,0.000000000000000000e+00,9.783154794654577158e-01,1.630575481971774504e-14,0.000000000000000000e+00,1.866747739317494534e-11
1.000000000000000000e+00,2.000000000000000096e-04,4.797861384117829253e+00,8.315950841774848515e-03,2.200000000000000000e+01,1.951843587725193797e-03,3.478325886191937642e-04,5.611445423999840365e+00,5.611681642875860909e+00,4.209590545249698588e-05,0.000000000000000000e+00,0.000000000000000000e+00,9.851712972447780325e-01,4.389980903817407483e-14,3.330669073875469621e-16,7.343612989673014128e-12
1.000000000000000000e+00,2.000000000000000096e-04,5.210654914449282415e+00,5.488052256319156212e-03,2.200000000000000000e+01,1.882319671756914120e-03,2.262301210439452467e-04,8.320376009484931501e+00,8.320795977372066332e+00,5.047462838891929375e-05,0.000000000000000000e+00,0.000000000000000000e+00,9.901844094806228069e-01,1.292227613319148956e-15,2.220446049250313081e-16,2.777701317869967395e-12
1.000000000000000000e+00,2.000000000000000096e-04,5.658963955763934628e+00,3.498322404986189439e-03,2.200000000000000000e+01,1.822968895040326257e-03,1.427085485192016476e-04,1.277406934592319132e+01,1.277489788635921286e+01,6.486111931793820784e-05,0.000000000000000000e+00,0.000000000000000000e+00,9.937279154010508764e-01,2.896487751741830071e-14,2.220446049250313081e-16,1.005628963432256011e-12
1.000000000000000000e+00,2.000000000000000096e-04,6.145844155565235667e+00,2.146966226470398576e-03,2.200000000000000000e+01,1.773052797494866807e-03,8.697085901496887355e-05,2.038674583160895537e+01,2.038858254941931847e+01,9.009372194729230545e-05,0.000000000000000000e+00,0.000000000000000000e+00,9.961425030506149136e-01,1.662750362121001623e-15,0.000000000000000000e+00,3.465653859736604435e-13
1.000000000000000000e+00,2.000000000000000096e-04,6.674614060056579312e+00,1.264155836366222035e-03,2.200000000000000000e+01,1.731764579396828912e-03,5.099502346036073147e-05,3.395948196284207654e+01,3.396409504183024808e+01,1.358406760509213538e-04,0.000000000000000000e+00,0.000000000000000000e+00,9.977237899089429485e-01,4.279339676769078062e-15,0.000000000000000000e+00,1.128997950275247417e-13
1.000000000000000000e+00,2.000000000000000096e-04,7.248877733152943925e+00,7.114776820060622663e-04,2.200000000000000000e+01,1.698241217358584330e-03,2.864555926898555149e-05,5.928462423832877448e+01,5.929780110220851697e+01,2.222644412279728985e-04,0.000000000000000000e+00,0.000000000000000000e+00,9.987157356462275093e-01,2.068558232526235299e-15,2.220446049250313081e-16,3.446408318789390935e-14
1.000000000000000000e+00,2.000000000000000096e-04,7.872549321564089375e+00,3.812069374901822004e-04,2.200000000000000000e+01,1.671580017483814727e-03,1.534891004434068272e-05,1.089054540455884137e+02,1.089482760443340936e+02,3.932034361452128369e-04,0.000000000000000000e+00,0.000000000000000000e+00,9.993096348997787537e-01,1.128215883465203238e-14,1.110223024625156540e-16,9.766031665964399368e-15
1.000000000000000000e+00,2.000000000000000096e-04,8.549879733383487945e+00,1.936058539432540136e-04,2.200000000000000000e+01,1.650859114470248565e-03,7.811046281051431744e-06,2.113492936887360543e+02,2.115075465513711208e+02,7.487740312401181420e-04,0.000000000000000000e+00,0.000000000000000000e+00,9.996477146493933930e-01,1.264858936983747574e-14,0.000000000000000000e+00,2.551769277623465981e-15
1.000000000000000000e+00,2.000000000000000096e-04,9.285485612022606361e+00,9.276948043881216616e-05,2.200000000000000000e+01,1.635161436926406290e-03,3.759641253018625414e-06,4.349248576878262043e+02,4.355902588176672907e+02,1.529922049934170480e-03,0.000000000000000000e+00,0.000000000000000000e+00,9.998299587886450013e-01,1.170164597679967520e-14,2.220446049250313081e-16,6.154001186672062666e-16
1.000000000000000000e+00,2.000000000000000096e-04,1.008438080297516670e+01,4.172796310317714063e-05,2.200000000000000000e+01,1.623601256453485742e-03,1.705388122725856748e-06,9.520420805196856691e+02,9.552300863355828824e+02,3.348597589464737904e-03,0.000000000000000000e+00,0.000000000000000000e+00,9.999226012847517442e-01,5.621897996014374612e-15,0.000000000000000000e+00,1.390357409355296127e-16
1.000000000000000000e+00,2.000000000000000096e-04,1.095201052788691598e+01,1.752305693677885744e-05,2.200000000000000000e+01,1.615349762591803155e-03,7.275282026323096117e-07,2.220325970522129410e+03,2.237757257902092988e+03,7.850778494413797326e-03,0.000000000000000000e+00,0.000000000000000000e+00,9.999668300975060875e-01,1.925296357799068580e-14,2.220446049250313081e-16,3.074771746173427883e-17
1.000000000000000000e+00,2.000000000000000096e-04,1.189428849885937289e+01,6.829345818720238006e-06,2.200000000000000000e+01,1.609659024939955095e-03,2.925428509991549952e-07,5.502301695092882255e+03,5.610786070353249670e+03,1.971618084066837501e-02,0.000000000000000000e+00,0.000000000000000000e+00,9.999865875092269762e-01,2.938584186415829638e-14,2.220446049250313081e-16,7.146533307312739271e-18
1.000000000000000000e+00,2.000000000000000096e-04,1.291763722595639940e+01,2.454383934036145558e-06,2.200000000000000000e+01,1.605879587286801165e-03,1.124276818897577790e-07,1.428366715647009732e+04,1.503972726614440580e+04,5.293179275266398504e-02,1.000000000000000000e+00,0.000000000000000000e+00,9.999948243835337092e-01,1.310245493432325796e-14,0.000000000000000000e+00,1.904958350559363885e-18
1.000000000000000000e+00,2.000000000000000096e-04,1.402903179264707134e+01,8.077356604081445047e-07,2.200000000000000000e+01,1.603471043093777004e-03,4.316195877812661796e-08,3.715009903365125501e+04,4.274572246421411546e+04,1.506220326759893646e-01,1.000000000000000000e+00,0.000000000000000000e+00,9.999980290411690786e-01,1.472609014066555663e-14,0.000000000000000000e+00,6.401819605612392550e-19
1.000000000000000000e+00,2.000000000000000096e-04,1.523604739755575110e+01,2.415843484302992153e-07,2.200000000000000000e+01,1.602003741720784682e-03,1.839011912939287821e-08,8.711220033155230340e+04,1.257398981631666975e+05,4.434246602036904794e-01,1.000000000000000000e+00,0.000000000000000000e+00,9.999991985758922564e-01,2.829979039250938056e-14,0.000000000000000000e+00,2.566632460197928951e-19
1.000000000000000000e+00,2.000000000000000096e-04,1.654691098656099868e+01,6.512802287567713950e-08,2.200000000000000000e+01,1.601152721862815617e-03,1.007972910281793595e-08,1.588487850745105825e+05,3.613992494322268176e+05,1.275114973417685649e+00,1.000000000000000000e+00,0.000000000000000000e+00,9.999996047972105062e-01,1.416678402315272628e-14,1.110223024625156540e-16,1.079280109316939560e-19
1.000000000000000000e+00,2.000000000000000096e-04,1.797055732716462018e+01,1.568505778088911664e-08,2.200000000000000000e+01,1.600684862981789332e-03,7.407547555739635634e-09,2.160883681052470347e+05,9.103551925846959930e+05,3.212883833438468173e+00,1.000000000000000000e+00,0.000000000000000000e+00,9.999997429244242841e-01,9.388118509494410630e-15,1.110223024625156540e-16,4.692423570758300089e-20
1.000000000000000000e+00,2.000000000000000096e-04,1.951668990733044140e+01,3.342021732377426742e-09,2.200000000000000000e+01,1.600442075050006454e-03,6.551875522901725002e-09,2.442723567405620124e+05,1.773038027265627868e+06,6.258447295977680902e+00,1.000000000000000000e+00,0.000000000000000000e+00,9.999997907453076484e-01,1.428729541508497303e-14,2.220446049250313081e-16,2.255188855736071426e-20
1.000000000000000000e+00,2.000000000000000096e-04,2.119584707387548406e+01,6.233910700729216216e-10,2.200000000000000000e+01,1.600323865225389665e-03,6.266434000918212536e-09,2.553803111930798623e+05,2.592795996631730348e+06,9.152685555588705668e+00,1.000000000000000000e+00,0.000000000000000000e+00,9.999998081371656022e-01,2.048222701485638755e-15,1.110223024625156540e-16,1.284831675362780502e-20
1.000000000000000000e+00,2.000000000000000096e-04,2.301947386120905392e+01,1.006397445627200447e-10,2.200000000000000000e+01,1.600270115138714743e-03,6.165079364113769795e-09,2.595700753592413093e+05,3.102097914981517941e+06,1.095090732507689246e+01,1.000000000000000000e+00,0.000000000000000000e+00,9.999998147680684291e-01,1.566929618973523612e-14,0.000000000000000000e+00,8.821478476036413544e-21
1.000000000000000000e+00,2.000000000000000096e-04,2.500000000000000000e+01,1.388794386515689454e-11,2.200000000000000000e+01,1.600247423858377170e-03,6.127632785977458819e-09,2.611526309997558419e+05,3.344851786980444565e+06,1.180803403808545760e+01,1.000000000000000000e+00,0.000000000000000000e+00,9.999998173274121660e-01,3.829454620216595065e-15,0.000000000000000000e+00,7.063170084990436639e-21
0.000000000000000000e+00,2.000000000000000164e-05,1.000000000000000000e+00,5.819767068693264545e-01,2.200000000000000000e+01,2.456091116981759873e-03,1.088442201993262970e-02,2.256519558396323788e-01,2.273055921707641258e-01,7.328260572697906094e-03,0.000000000000000000e+00,1.000000000000000000e+00,5.379439647716407480e-01,2.384181926887651523e-15,2.220446049250313081e-16,9.936374734161306389e-05
0.000000000000000000e+00,2.000000000000000164e-05,1.086036985498977980e+00,5.095514640624911884e-01,2.200000000000000000e+01,2.245288021292205210e-03,1.007374663493203724e-02,2.228850995225921949e-01,2.240871230969559980e-01,5.393018990226230297e-03,0.000000000000000000e+00,1.000000000000000000e+00,5.687488117563584966e-01,1.742626920097556891e-15,0.000000000000000000e+00,6.137018789198349681e-05
0.000000000000000000e+00,2.000000000000000164e-05,1.179476333871707361e+00,4.439175747565593522e-01,2.200000000000000000e+01,2.059726631091995507e-03,9.284312866964419819e-03,2.218501961971731384e-01,2.227080770115450192e-01,3.866937370699571712e-03,0.000000000000000000e+00,1.000000000000000000e+00,6.000035321318992754e-01,2.362829816231158858e-15,0.000000000000000000e+00,3.646546351996195965e-05
0.000000000000000000e+00,2.000000000000000164e-05,1.280954922105415283e+00,3.846041605767157590e-01,2.200000000000000000e+01,1.896680587112492501e-03,8.511566806503076052e-03,2.228356576680306789e-01,2.234391824739909160e-01,2.708385239041670792e-03,0.000000000000000000e+00,1.000000000000000000e+00,6.315552826073391746e-01,5.589269011750197948e-15,0.000000000000000000e+00,2.083713333723952827e-05
0.000000000000000000e+00,2.000000000000000164e-05,1.391164422163443604e+00,3.311776147533372905e-01,2.200000000000000000e+01,1.753654097050007677e-03,7.753399747166870269e-03,2.261787285881656506e-01,2.265990467679382114e-01,1.858345311233450432e-03,0.000000000000000000e+00,1.000000000000000000e+00,6.632320452928479604e-01,6.268192658913344214e-15,0.000000000000000000e+00,1.145462438960368276e-05
0.000000000000000000e+00,2.000000000000000164e-05,1.510856015379813844e+00,2.832373825342433538e-01,2.200000000000000000e+01,1.628396702722268883e-03,7.010204115324438282e-03,2.322894848614411867e-01,2.325806324886308674e-01,1.253382723558700519e-03,0.000000000000000000e+00,0.000000000000000000e+00,6.948368237412201331e-01,1.073056099633386004e-15,0.000000000000000000e+00,6.065569273066098031e-06
0.000000000000000000e+00,2.000000000000000164e-05,1.640845512466090561e+00,2.404117706145018629e-01,2.200000000000000000e+01,1.518899882439283524e-03,6.284710289601195231e-03,2.416817661352640145e-01,2.418833938899459524e-01,8.342696178787901290e-04,0.000000000000000000e+00,0.000000000000000000e+00,7.261429329817090661e-01,1.002475363024734022e-15,0.000000000000000000e+00,3.101557518849203824e-06
0.000000000000000000e+00,2.000000000000000164e-05,1.782018914028199008e+00,2.023537635122752421e-01,2.200000000000000000e+01,1.423381010166589831e-03,5.581619332244002613e-03,2.550121972568025197e-01,2.551526080642852468e-01,5.506042808663402788e-04,0.000000000000000000e+00,0.000000000000000000e+00,7.568916224292350226e-01,8.946312495176204274e-15,0.000000000000000000e+00,1.537419664272128033e-06
0.000000000000000000e+00,2.000000000000000164e-05,1.935338449493347657e+00,1.687368458426422579e-01,2.200000000000000000e+01,1.340260442593447588e-03,4.907066305895628998e-03,2.731286595787756899e-01,2.732276253031731827e-01,3.623410467071441939e-04,0.000000000000000000e+00,0.000000000000000000e+00,7.867933054439475438e-01,4.468495085115979940e-15,1.110223024625156540e-16,7.428679832378590506e-07
0.000000000000000000e+00,2.000000000000000164e-05,2.101849135608021335e+00,1.392508591572022281e-01,2.200000000000000000e+01,1.268136572227159106e-03,4.267965527786223012e-03,2.971290569174153129e-01,2.972001718840727724e-01,2.393403304114594999e-04,0.000000000000000000e+00,0.000000000000000000e+00,8.155335672255801249e-01,1.591186958541978013e-14,4.440892098500626162e-16,3.524599653728969373e-07
0.000000000000000000e+00,2.000000000000000164e-05,2.282685899209368152e+00,1.135979612768180935e-01,2.200000000000000000e+01,1.205762190331067943e-03,3.671301435849414797e-03,3.284290901741483970e-01,3.284816045485455804e-01,1.598956242558716720e-04,0.000000000000000000e+00,0.000000000000000000e+00,8.427847671278766439e-01,6.986903251116076664e-15,0.000000000000000000e+00,1.656836327196311237e-07
0.000000000000000000e+00,2.000000000000000164e-05,2.479081312818366634e+00,9.148880415339115391e-02,2.200000000000000000e+01,1.152023910753237649e-03,2.919062460207708792e-03,3.946554506652332206e-01,3.947406799961417634e-01,2.159588338761818719e-04,0.000000000000000000e+00,0.000000000000000000e+00,8.682233291368098849e-01,2.757664206153267666e-15,0.000000000000000000e+00,7.794647820783144712e-08
0.000000000000000000e+00,2.000000000000000164e-05,2.692373995780107609e+00,7.263909994026956918e-02,2.200000000000000000e+01,1.105925113225231064e-03,2.305474216781721111e-03,4.796952857573155704e-01,4.797569608564236643e-01,1.285714096829714524e-04,0.000000000000000000e+00,0.000000000000000000e+00,8.915517094890128558e-01,1.048802336571299434e-14,0.000000000000000000e+00,3.706988614500758419e-08
0.000000000000000000e+00,2.000000000000000164e-05,2.924017738212866480e+00,5.676679706733499253e-02,2.200000000000000000e+01,1.066571968345457087e-03,1.803950758367750670e-03,5.912422849670863068e-01,5.912963774135328032e-01,9.148947533329373984e-05,0.000000000000000000e+00,0.000000000000000000e+00,9.125227121815017162e-01,5.253654453804116519e-15,0.000000000000000000e+00,1.797081658420524794e-08
0.000000000000000000e+00,2.000000000000000164e-05,3.175591409954241495e+00,4.359012713574183379e-02,2.200000000000000000e+01,1.033161753263437408e-03,1.387610940393098520e-03,7.445615504953797537e-01,7.446145313467334992e-01,7.115711430236456691e-05,0.000000000000000000e+00,0.000000000000000000e+00,9.309626602571487997e-01,4.069068001049825595e-15,2.220446049250313081e-16,8.923695672490470893e-09
0.000000000000000000e+00,2.000000000000000164e-05,3.448809722043153059e+00,3.282679359516099682e-02,2.200000000000000000e+01,1.004972602655862524e-03,1.045983258040723450e-03,9.607922449335568604e-01,9.608495994850286825e-01,5.969506079411417187e-05,0.000000000000000000e+00,0.000000000000000000e+00,9.467893886404863402e-01,1.167847511870185571e-15,0.000000000000000000e+00,4.540864567178200996e-09
0.000000000000000000e+00,2.000000000000000164e-05,3.745534914087314871e+00,2.419453668110068539e-02,2.200000000000000000e+01,9.813541965231378610e-04,7.709510679479261198e-04,1.272913726075055374e+00,1.272982279437827158e+00,5.385546668835407746e-05,0.000000000000000000e+00,0.000000000000000000e+00,9.600214604676988728e-01,2.739818032786640869e-14,0.000000000000000000e+00,2.359390836114266625e-09
0.000000000000000000e+00,2.000000000000000164e-05,4.067789447176561879e+00,1.741321098547889829e-02,2.200000000000000000e+01,9.617192381339619706e-04,5.544865883521838974e-04,1.734431920151552786e+00,1.734522519370722327e+00,5.223567331580470605e-05,0.000000000000000000e+00,0.000000000000000000e+00,9.707764650462229472e-01,2.838230529699545241e-14,0.000000000000000000e+00,1.244140938490402058e-09
0.000000000000000000e+00,2.000000000000000164e-05,4.417769788856187319e+00,1.220834722442705120e-02,2.200000000000000000e+01,9.455360063926567709e-04,3.883352542717583402e-04,2.434844624564957538e+00,2.434977447023356500e+00,5.455069167819864856e-05,0.000000000000000000e+00,0.000000000000000000e+00,9.792583782265398273e-01,8.192304040240815057e-15,1.110223024625156540e-16,6.611463830042214892e-10
0.000000000000000000e+00,2.000000000000000164e-05,4.797861384117829253e+00,8.315950841774848515e-03,2.200000000000000000e+01,9.323224148133069360e-04,2.642293767836403602e-04,3.528458592159958496e+00,3.528675568333428991e+00,6.149318967568579103e-05,0.000000000000000000e+00,0.000000000000000000e+00,9.857361270572831957e-01,2.472098914188083329e-14,2.220446049250313081e-16,3.517992301587909130e-10
0.000000000000000000e+00,2.000000000000000164e-05,5.210654914449282415e+00,5.488052256319156212e-03,2.200000000000000000e+01,9.216418379361170391e-04,1.742265602765032876e-04,5.289904343364416839e+00,5.290301322916909577e+00,7.504475066561523417e-05,0.000000000000000000e+00,0.000000000000000000e+00,9.905170641401963572e-01,6.938449230244104397e-14,2.220446049250313081e-16,1.865543933204515925e-10
0.000000000000000000e+00,2.000000000000000164e-05,5.658963955763934628e+00,3.498322404986189439e-03,2.200000000000000000e+01,9.131006775265810855e-04,1.110198026144805625e-04,8.224664933852830373e+00,8.225482057685773896e+00,9.935040995776375653e-05,0.000000000000000000e+00,0.000000000000000000e+00,9.939196390498140632e-01,2.578280645034072758e-14,2.220446049250313081e-16,9.834039266640605338e-11
0.000000000000000000e+00,2.000000000000000164e-05,6.145844155565235667e+00,2.146966226470398576e-03,2.200000000000000000e+01,9.063472323178396088e-04,6.816323962874023569e-05,1.329671590221320443e+01,1.329861227815130675e+01,1.426198733618634857e-04,0.000000000000000000e+00,0.000000000000000000e+00,9.962491358728224888e-01,2.457917412272338908e-14,2.220446049250313081e-16,5.152780999899052091e-11
0.000000000000000000e+00,2.000000000000000164e-05,6.674614060056579312e+00,1.264155836366222035e-03,2.200000000000000000e+01,9.010709917430382958e-04,4.020196372016559698e-05,2.241360641025240596e+01,2.241856897371961210e+01,2.214085219653080035e-04,0.000000000000000000e+00,0.000000000000000000e+00,9.977792082206646818e-01,4.260965742828120571e-14,2.220446049250313081e-16,2.687886605573064094e-11
0.000000000000000000e+00,2.000000000000000164e-05,7.248877733152943925e+00,7.114776820060622663e-04,2.200000000000000000e+01,8.970017381954008837e-04,2.271253333564378498e-05,3.949368945064777847e+01,3.950829758338851860e+01,3.698852384757516515e-04,0.000000000000000000e+00,0.000000000000000000e+00,9.987404972433593375e-01,6.027392131103155950e-14,0.000000000000000000e+00,1.396043067812909027e-11
0.000000000000000000e+00,2.000000000000000164e-05,7.872549321564089375e+00,3.812069374901822004e-04,2.200000000000000000e+01,8.939077010892608564e-04,1.226682632542317905e-05,7.287196193824183865e+01,7.292012953201289349e+01,6.609893913913876800e-04,0.000000000000000000e+00,0.000000000000000000e+00,9.993162428485335980e-01,3.018386750699096579e-14,0.000000000000000000e+00,7.196705803339699654e-12
0.000000000000000000e+00,2.000000000000000164e-05,8.549879733383487945e+00,1.936058539432540136e-04,2.200000000000000000e+01,8.915926823008918627e-04,6.334995746660953297e-06,1.407408493953341804e+02,1.409173980173074199e+02,1.254423450844203937e-03,0.000000000000000000e+00,0.000000000000000000e+00,9.996437490128646797e-01,5.568677830037528473e-15,1.110223024625156540e-16,3.670862054794271322e-12
0.000000000000000000e+00,2.000000000000000164e-05,9.285485612022606361e+00,9.276948043881216616e-05,2.200000000000000000e+01,8.898923623804738106e-04,3.146732622504489273e-06,2.827988485631826734e+02,2.835059094027387800e+02,2.500225312615216283e-03,0.000000000000000000e+00,0.000000000000000000e+00,9.998199574733688255e-01,7.305689414224625995e-14,0.000000000000000000e+00,1.859746271296776110e-12
0.000000000000000000e+00,2.000000000000000164e-05,1.008438080297516670e+01,4.172796310317714063e-05,2.200000000000000000e+01,8.886702356717017049e-04,1.532623082804458138e-06,5.798361290798097798e+02,5.828033511561220621e+02,5.117345966387458478e-03,0.000000000000000000e+00,0.000000000000000000e+00,9.999092232038285788e-01,1.452989488644457612e-14,2.220446049250313081e-16,9.526201915805818668e-13
0.000000000000000000e+00,2.000000000000000164e-05,1.095201052788691598e+01,1.752305693677885744e-05,2.200000000000000000e+01,8.878137189668383134e-04,7.668728036259540004e-07,1.157706616754496054e+03,1.169574744288813690e+03,1.025141202663990524e-02,0.000000000000000000e+00,0.000000000000000000e+00,9.999515927726981834e-01,2.097918284243963570e-14,0.000000000000000000e+00,5.118723495625525835e-13
0.000000000000000000e+00,2.000000000000000164e-05,1.189428849885937289e+01,6.829345818720238006e-06,2.200000000000000000e+01,8.872307652280222523e-04,4.283135916782927130e-07,2.071451344216093275e+03,2.109735481491351493e+03,1.848179412089749965e-02,0.000000000000000000e+00,0.000000000000000000e+00,9.999703355624169898e-01,3.042349176245571192e-14,2.220446049250313081e-16,3.040168802216490706e-13
0.000000000000000000e+00,2.000000000000000164e-05,1.291763722595639940e+01,2.454383934036145558e-06,2.200000000000000000e+01,8.868471271955073428e-04,2.896204520949962477e-07,3.062101176834774378e+03,3.146499945785559703e+03,2.756237108991494919e-02,0.000000000000000000e+00,0.000000000000000000e+00,9.999780196753708106e-01,3.208861922132050712e-14,0.000000000000000000e+00,2.086090955119312711e-13
0.000000000000000000e+00,2.000000000000000164e-05,1.402903179264707134e+01,8.077356604081445047e-07,2.200000000000000000e+01,8.866041218149953032e-04,2.372936369294738007e-07,3.736316461273268487e+03,3.862751408487943081e+03,3.383946422236083079e-02,1.000000000000000000e+00,0.000000000000000000e+00,9.999809226471269019e-01,1.671468841022964267e-14,1.110223024625156540e-16,1.660180046214142495e-13
0.000000000000000000e+00,2.000000000000000164e-05,1.523604739755575110e+01,2.415843484302992153e-07,2.200000000000000000e+01,8.864566472564088277e-04,2.192211270887028111e-07,4.043664308402740971e+03,4.192184845353716810e+03,3.672919550773538072e-02,1.000000000000000000e+00,0.000000000000000000e+00,9.999819277432361320e-01,9.454696572704881187e-15,2.220446049250313081e-16,1.484575288153006917e-13
0.000000000000000000e+00,2.000000000000000164e-05,1.654691098656099868e+01,6.512802287567713950e-08,2.200000000000000000e+01,8.863713108570950034e-04,2.135381343010602313e-07,4.150880655384156853e+03,4.307546452123066047e+03,3.774278514505015336e-02,1.000000000000000000e+00,0.000000000000000000e+00,9.999822453145017498e-01,1.129563005255010577e-14,0.000000000000000000e+00,1.422996765333686917e-13
0.000000000000000000e+00,2.000000000000000164e-05,1.797055732716462018e+01,1.568505778088911664e-08,2.200000000000000000e+01,8.863244467220960212e-04,2.119165013887051871e-07,4.182422986949782171e+03,4.341532270475767291e+03,3.804237018169762813e-02,1.000000000000000000e+00,0.000000000000000000e+00,9.999823368069279406e-01,4.378362633965723454e-14,4.440892098500626162e-16,1.404774554820370616e-13
0.000000000000000000e+00,2.000000000000000164e-05,1.951668990733044140e+01,3.342021732377426742e-09,2.200000000000000000e+01,8.863001581840849932e-04,2.114956143562417084e-07,4.190631379671104696e+03,4.350382005756274339e+03,3.812089673649783628e-02,1.000000000000000000e+00,0.000000000000000000e+00,9.999823610242992711e-01,7.039472666093114591e-15,0.000000000000000000e+00,1.400073405429908592e-13
0.000000000000000000e+00,2.000000000000000164e-05,2.119584707387548406e+01,6.233910700729216216e-10,2.200000000000000000e+01,8.862883336911104920e-04,2.113946531167687129e-07,4.192576872800792444e+03,4.352480847399854611e+03,3.813978358666100105e-02,1.000000000000000000e+00,0.000000000000000000e+00,9.999823670664290676e-01,3.178074657163224885e-14,0.000000000000000000e+00,1.398988346116330767e-13
0.000000000000000000e+00,2.000000000000000164e-05,2.301947386120905392e+01,1.006397445627200447e-10,2.200000000000000000e+01,8.862829561718909687e-04,2.113712825860613397e-07,4.193014989209967098e+03,4.352954023859367226e+03,3.814416000443043159e-02,1.000000000000000000e+00,0.000000000000000000e+00,9.999823685675462981e-01,4.407327237578764324e-14,0.000000000000000000e+00,1.398757465763314292e-13
0.000000000000000000e+00,2.000000000000000164e-05,2.500000000000000000e+01,1.388794386515689454e-11,2.200000000000000000e+01,8.862806868310806486e-04,2.113656477103344075e-07,4.193116035798220764e+03,4.353063344346799568e+03,3.814521400863892658e-02,1.000000000000000000e+00,0.000000000000000000e+00,9.999823689672751037e-01,6.060023437918206703e-15,0.000000000000000000e+00,1.398709334853166358e-13
0.000000000000000000e+00,2.000000000000000096e-04,1.000000000000000000e+00,5.819767068693264545e-01,2.200000000000000000e+01,8.975217872092036350e-03,1.012605658571655472e-02,8.863487771490582423e-01,8.963858993991284940e-01,1.132412263528434666e-02,0.000000000000000000e+00,1.000000000000000000e+00,5.377206682049291420e-01,7.089847170415230880e-16,2.220446049250313081e-16,1.000001582873452990e-04
0.000000000000000000e+00,2.000000000000000096e-04,1.086036985498977980e+00,5.095514640624911884e-01,2.200000000000000000e+01,8.199318060838607300e-03,9.362373970028654846e-03,8.757733975471087007e-01,8.829024100914720785e-01,8.140247881849940054e-03,0.000000000000000000e+00,1.000000000000000000e+00,5.685377588837650098e-01,3.057705760080402691e-16,0.000000000000000000e+00,6.178387884314092196e-05
0.000000000000000000e+00,2.000000000000000096e-04,1.179476333871707361e+00,4.439175747565593522e-01,2.200000000000000000e+01,7.504613457827349204e-03,8.617529277846732241e-03,8.708544196211344124e-01,8.758262137734835751e-01,5.709099064470665383e-03,0.000000000000000000e+00,1.000000000000000000e+00,5.998049863950930538e-01,7.690865201998970330e-16,0.000000000000000000e+00,3.671978479804591136e-05
0.000000000000000000e+00,2.000000000000000096e-04,1.280954922105415283e+00,3.846041605767157590e-01,2.200000000000000000e+01,6.884338968060703910e-03,7.884705162131466771e-03,8.731257322245471464e-01,8.765436884370336745e-01,3.914620868838980527e-03,0.000000000000000000e+00,1.000000000000000000e+00,6.313692734456981537e-01,7.280941523184450490e-16,0.000000000000000000e+00,2.098509772622393651e-05
0.000000000000000000e+00,2.000000000000000096e-04,1.391164422163443604e+00,3.311776147533372905e-01,2.200000000000000000e+01,6.331603747345524759e-03,7.160594006174587911e-03,8.842288421722801495e-01,8.865559774205518107e-01,2.631824633264168156e-03,0.000000000000000000e+00,1.000000000000000000e+00,6.630584420200684725e-01,1.268649315278510045e-15,0.000000000000000000e+00,1.153618457371823187e-05
0.000000000000000000e+00,2.000000000000000096e-04,1.510856015379813844e+00,2.832373825342433538e-01,2.200000000000000000e+01,5.839699280546136080e-03,6.445134706826012583e-03,9.060631850504750062e-01,9.076410163594847980e-01,1.741414213758054599e-03,0.000000000000000000e+00,0.000000000000000000e+00,6.946753889967178797e-01,9.134253551387625880e-16,2.220446049250313081e-16,6.108237136030875464e-06
0.000000000000000000e+00,2.000000000000000096e-04,1.640845512466090561e+00,2.404117706145018629e-01,2.200000000000000000e+01,5.402291119934815589e-03,5.741149437834469280e-03,9.409772691742597228e-01,9.420494037980809976e-01,1.139384190185710076e-03,0.000000000000000000e+00,0.000000000000000000e+00,7.259933596149414914e-01,5.136632594678991725e-16,0.000000000000000000e+00,3.122798792566434486e-06
0.000000000000000000e+00,2.000000000000000096e-04,1.782018914028199008e+00,2.023537635122752421e-01,2.200000000000000000e+01,5.013523511266371885e-03,5.053849209421573847e-03,9.920207951436252891e-01,9.927562428620203550e-01,7.413632072990842398e-04,0.000000000000000000e+00,0.000000000000000000e+00,7.567535593557761509e-01,4.762245798448019108e-16,0.000000000000000000e+00,1.547522004486984010e-06
0.000000000000000000e+00,2.000000000000000096e-04,1.935338449493347657e+00,1.687368458426422579e-01,2.200000000000000000e+01,4.668064451967425706e-03,4.390205313431184107e-03,1.063290693418408539e+00,1.063804408648600930e+00,4.831371452531299103e-04,0.000000000000000000e+00,0.000000000000000000e+00,7.866663769890807067e-01,1.318653679161931695e-15,0.000000000000000000e+00,7.474837613009302705e-07
0.000000000000000000e+00,2.000000000000000096e-04,2.101849135608021335e+00,1.392508591572022281e-01,2.200000000000000000e+01,4.361115834661878285e-03,3.758205335989478132e-03,1.160425108468338351e+00,1.160793906152839172e+00,3.178125686952797233e-04,0.000000000000000000e+00,0.000000000000000000e+00,8.154173880809367780e-01,1.323202720215145234e-15,2.220446049250313081e-16,3.545014476291362223e-07
0.000000000000000000e+00,2.000000000000000096e-04,2.282685899209368152e+00,1.135979612768180935e-01,2.200000000000000000e+01,4.088399720725064204e-03,3.166034617531496287e-03,1.291331338604478240e+00,1.291606406396555107e+00,2.130110095323232652e-04,0.000000000000000000e+00,0.000000000000000000e+00,8.426789527773450583e-01,1.604374129498603284e-15,0.000000000000000000e+00,1.665663700671683656e-07
0.000000000000000000e+00,2.000000000000000096e-04,2.479081312818366634e+00,9.148880415339115391e-02,2.200000000000000000e+01,3.846138688927288728e-03,2.621248163356050542e-03,1.467292850289680262e+00,1.467508430947048303e+00,1.469240835770997406e-04,0.000000000000000000e+00,0.000000000000000000e+00,8.681275005264904587e-01,2.180915225544613810e-15,2.220446049250313081e-16,7.832430616196805732e-08
0.000000000000000000e+00,2.000000000000000096e-04,2.692373995780107609e+00,7.263909994026956918e-02,2.200000000000000000e+01,3.631028441537569647e-03,2.130017852260138438e-03,1.704693900891358860e+00,1.704873544278767250e+00,1.053816097508517111e-04,0.000000000000000000e+00,0.000000000000000000e+00,8.914654911323158792e-01,1.353121979774720282e-15,1.110223024625156540e-16,3.723232040299648662e-08
0.000000000000000000e+00,2.000000000000000096e-04,2.924017738212866480e+00,5.676679706733499253e-02,2.200000000000000000e+01,3.440206108947775187e-03,1.696544953342640424e-03,2.027771856071165502e+00,2.027932820520802260e+00,7.937996040078624236e-05,0.000000000000000000e+00,0.000000000000000000e+00,9.124457243375490023e-01,1.429875521124503839e-14,0.000000000000000000e+00,1.804205101608370321e-08
0.000000000000000000e+00,2.000000000000000096e-04,3.175591409954241495e+00,4.359012713574183379e-02,2.200000000000000000e+01,3.271211684988119175e-03,1.322710911095620768e-03,2.473111590406800619e+00,2.473268167131582818e+00,6.331162952353592459e-05,0.000000000000000000e+00,0.000000000000000000e+00,9.308945073747982857e-01,7.660565809130820157e-15,0.000000000000000000e+00,8.956048053784416342e-09
0.000000000000000000e+00,2.000000000000000096e-04,3.448809722043153059e+00,3.282679359516099682e-02,2.200000000000000000e+01,3.121941389323355277e-03,1.008001475423202231e-03,3.097159543355460176e+00,3.097326184897739587e+00,5.380463613407259816e-05,0.000000000000000000e+00,0.000000000000000000e+00,9.467296470766202177e-01,3.106512460826484853e-15,1.110223024625156540e-16,4.556318630922554265e-09
0.000000000000000000e+00,2.000000000000000096e-04,3.745534914087314871e+00,2.419453668110068539e-02,2.200000000000000000e+01,2.990593914724175035e-03,7.496914163364122065e-04,3.989099847692791467e+00,3.989295310665595728e+00,4.899926807229774105e-05,0.000000000000000000e+00,0.000000000000000000e+00,9.599696682651717161e-01,5.521696587056415619e-15,0.000000000000000000e+00,2.367226725771791454e-09
0.000000000000000000e+00,2.000000000000000096e-04,4.067789447176561879e+00,1.741321098547889829e-02,2.200000000000000000e+01,2.875611582376372093e-03,5.432344899048286964e-04,5.293499650363071574e+00,5.293753443776712864e+00,4.794435258418933002e-05,0.000000000000000000e+00,0.000000000000000000e+00,9.707321156200809931e-01,2.897774598869453174e-15,0.000000000000000000e+00,1.248327215692822153e-09
0.000000000000000000e+00,2.000000000000000096e-04,4.417769788856187319e+00,1.220834722442705120e-02,2.200000000000000000e+01,2.775620867805058192e-03,3.827782430266625556e-04,7.251250347611113867e+00,7.251617240580423562e+00,5.059720072008913318e-05,0.000000000000000000e+00,0.000000000000000000e+00,9.792209187715132934e-01,1.304628366400657286e-14,0.000000000000000000e+00,6.634681011995266589e-10
0.000000000000000000e+00,2.000000000000000096e-04,4.797861384117829253e+00,8.315950841774848515e-03,2.200000000000000000e+01,2.689377492438472118e-03,2.617197937363299103e-04,1.027578943894434893e+01,1.027638272963410060e+01,5.773675037590285679e-05,0.000000000000000000e+00,0.000000000000000000e+00,9.857049617852551293e-01,6.140925337289881207e-15,2.220446049250313081e-16,3.531232291534394064e-10
0.000000000000000000e+00,2.000000000000000096e-04,5.210654914449282415e+00,5.488052256319156212e-03,2.200000000000000000e+01,2.615719594927899769e-03,1.732324810412001162e-04,1.509947545175318240e+01,1.510055353383267018e+01,7.139864447162703510e-05,0.000000000000000000e+00,0.000000000000000000e+00,9.904915621061257669e-01,9.849331521128545170e-15,0.000000000000000000e+00,1.873251634222421441e-10
0.000000000000000000e+00,2.000000000000000096e-04,5.658963955763934628e+00,3.498322404986189439e-03,2.200000000000000000e+01,2.553532474192690607e-03,1.107150838564855300e-04,2.306399801406200467e+01,2.306620641611458566e+01,9.575105110720792819e-05,0.000000000000000000e+00,0.000000000000000000e+00,9.938991460874753159e-01,8.774347289916062020e-15,0.000000000000000000e+00,9.879797085629660930e-11
0.000000000000000000e+00,2.000000000000000096e-04,6.145844155565235667e+00,2.146966226470398576e-03,2.200000000000000000e+01,2.501724954062755323e-03,6.813666310030358822e-05,3.671628225145074254e+01,3.672138591404723229e+01,1.390027062527033957e-04,0.000000000000000000e+00,0.000000000000000000e+00,9.962329898308603937e-01,5.119974921635124212e-15,1.110223024625156540e-16,5.180847360366740635e-11
0.000000000000000000e+00,2.000000000000000096e-04,6.674614060056579312e+00,1.264155836366222035e-03,2.200000000000000000e+01,2.459217025149121588e-03,4.026677067000498239e-05,6.107311274854754402e+01,6.108640227749974372e+01,2.176003212234463649e-04,0.000000000000000000e+00,0.000000000000000000e+00,9.977667562632078768e-01,8.836236285121318983e-15,0.000000000000000000e+00,2.705785238597874178e-11
0.000000000000000000e+00,2.000000000000000096e-04,7.248877733152943925e+00,7.114776820060622663e-04,2.200000000000000000e+01,2.424937055144183763e-03,2.279292581343661357e-05,1.063898981198220639e+02,1.064287798733469401e+02,3.654647124587475661e-04,0.000000000000000000e+00,0.000000000000000000e+00,9.987311136143433021e-01,2.890262607475871581e-15,0.000000000000000000e+00,1.407816484739182545e-11
0.000000000000000000e+00,2.000000000000000096e-04,7.872549321564089375e+00,3.812069374901822004e-04,2.200000000000000000e+01,2.397826901236085363e-03,1.233680796609929055e-05,1.943636399160261305e+02,1.944908815694527959e+02,6.546576997716215115e-04,0.000000000000000000e+00,0.000000000000000000e+00,9.993093453603810739e-01,2.467752114780448818e-14,1.110223024625156540e-16,7.276144194608653392e-12
0.000000000000000000e+00,2.000000000000000096e-04,8.549879733383487945e+00,1.936058539432540136e-04,2.200000000000000000e+01,2.376852237108737203e-03,6.388646457869850726e-06,3.720431632557805983e+02,3.725054037920473320e+02,1.242437926346040989e-03,0.000000000000000000e+00,0.000000000000000000e+00,9.996388126754693904e-01,1.887422441197358094e-15,2.220446049250313081e-16,3.725077531963240224e-12
0.000000000000000000e+00,2.000000000000000096e-04,9.285485612022606361e+00,9.276948043881216616e-05,2.200000000000000000e+01,2.361019021591205178e-03,3.185187368816294476e-06,7.412496497713497092e+02,7.430811191698652465e+02,2.470786190699022101e-03,0.000000000000000000e+00,0.000000000000000000e+00,9.998165240867237236e-01,9.044948080971052207e-15,2.220446049250313081e-16,1.895999938494937893e-12
0.000000000000000000e+00,2.000000000000000096e-04,1.008438080297516670e+01,4.172796310317714063e-05,2.200000000000000000e+01,2.349390553291720411e-03,1.558931060937052040e-06,1.507052243785260089e+03,1.514641850016553917e+03,5.036060470094274460e-03,0.000000000000000000e+00,0.000000000000000000e+00,9.999069062954463183e-01,9.106012330813932684e-15,0.000000000000000000e+00,9.757345149609920775e-13
0.000000000000000000e+00,2.000000000000000096e-04,1.095201052788691598e+01,1.752305693677885744e-05,2.200000000000000000e+01,2.341107069372235644e-03,7.841739291420780493e-07,2.985443639950531633e+03,3.015410107848112602e+03,1.003752591292512465e-02,0.000000000000000000e+00,0.000000000000000000e+00,9.999500778561748460e-01,1.787841917189972623e-14,2.220446049250313081e-16,5.260789084995923873e-13
0.000000000000000000e+00,2.000000000000000096e-04,1.189428849885937289e+01,6.829345818720238006e-06,2.200000000000000000e+01,2.335402390011985258e-03,4.392757920304253527e-07,5.316483248979559903e+03,5.412399795542996799e+03,1.804135216298236380e-02,0.000000000000000000e+00,0.000000000000000000e+00,9.999693762310454259e-01,1.653466535639718722e-15,1.110223024625156540e-16,3.128445075053780823e-13
0.000000000000000000e+00,2.000000000000000096e-04,1.291763722595639940e+01,2.454383934036145558e-06,2.200000000000000000e+01,2.331617404167385995e-03,2.963222103674299940e-07,7.868520558334980706e+03,8.080716179383334747e+03,2.696766431188631422e-02,0.000000000000000000e+00,0.000000000000000000e+00,9.999774304537309977e-01,3.862655555090202643e-15,1.110223024625156540e-16,2.143371312284597387e-13
0.000000000000000000e+00,2.000000000000000096e-04,1.402903179264707134e+01,8.077356604081445047e-07,2.200000000000000000e+01,2.329206850796498689e-03,2.412602818685970211e-07,9.654331963622204057e+03,9.976031218722066114e+03,3.332175196709973725e-02,1.000000000000000000e+00,0.000000000000000000e+00,9.999805697602295318e-01,2.097880653514059358e-15,0.000000000000000000e+00,1.699697730129286007e-13
0.000000000000000000e+00,2.000000000000000096e-04,1.523604739755575110e+01,2.415843484302992153e-07,2.200000000000000000e+01,2.327738923429004039e-03,2.215140171001914142e-07,1.050831434462299148e+04,1.089079591026822163e+04,3.639799430257265739e-02,1.000000000000000000e+00,0.000000000000000000e+00,9.999817190110080745e-01,1.261852002537895318e-15,0.000000000000000000e+00,1.514215390964628272e-13
0.000000000000000000e+00,2.000000000000000096e-04,1.654691098656099868e+01,6.512802287567713950e-08,2.200000000000000000e+01,2.326887756177858750e-03,2.148576423444092367e-07,1.082990453952733696e+04,1.123675374565343554e+04,3.756720150590128759e-02,1.000000000000000000e+00,0.000000000000000000e+00,9.999821202541212539e-01,3.001988448746023528e-14,2.220446049250313081e-16,1.447145507457758192e-13
0.000000000000000000e+00,2.000000000000000096e-04,1.797055732716462018e+01,1.568505778088911664e-08,2.200000000000000000e+01,2.326419845896677066e-03,2.127000204950026251e-07,1.093756286662575258e+04,1.135278004206727019e+04,3.796249498217627028e-02,1.000000000000000000e+00,0.000000000000000000e+00,9.999822577693642245e-01,1.085065275022679752e-14,2.220446049250313081e-16,1.425923470961608206e-13
0.000000000000000000e+00,2.000000000000000096e-04,1.951668990733044140e+01,3.342021732377426742e-09,2.200000000000000000e+01,2.326177119533957404e-03,2.120008534873883593e-07,1.097248940873881111e+04,1.139045785270189299e+04,3.809239894368907781e-02,1.000000000000000000e+00,0.000000000000000000e+00,9.999823058671217790e-01,9.804969697038652160e-15,2.220446049250313081e-16,1.419664501517632272e-13
0.000000000000000000e+00,2.000000000000000096e-04,2.119584707387548406e+01,6.233910700729216216e-10,2.200000000000000000e+01,2.326058881098459156e-03,2.117643069567881028e-07,1.098418763069976012e+04,1.140308661839033084e+04,3.813654698685115668e-02,1.000000000000000000e+00,0.000000000000000000e+00,9.999823235409015521e-01,5.082891250120226167e-15,2.220446049250313081e-16,1.417819937046579084e-13
0.000000000000000000e+00,2.000000000000000096e-04,2.301947386120905392e+01,1.006397445627200447e-10,2.200000000000000000e+01,2.326005165933406251e-03,2.116792655120088983e-07,1.098834673442046915e+04,1.140757875711259294e+04,3.815242027073095094e-02,1.000000000000000000e+00,0.000000000000000000e+00,9.999823303318809975e-01,6.038577534464843123e-15,0.000000000000000000e+00,1.417243471415940016e-13
0.000000000000000000e+00,2.000000000000000096e-04,2.500000000000000000e+01,1.388794386515689454e-11,2.200000000000000000e+01,2.325982473607507255e-03,2.116475942754547703e-07,1.098988382821064079e+04,1.140923970952102718e+04,3.815835434346583066e-02,1.000000000000000000e+00,0.000000000000000000e+00,9.999823329647827830e-01,2.230344466234721001e-14,2.220446049250313081e-16,1.417049420452521396e-13
